{"backend_name": "ibmq_jakarta", "backend_version": "1.0.34", "qobj_id": "572b62b2-73d5-4753-87a8-41f7aa9a8e1a", "job_id": "6293a985bc0d02c50bdbe873", "date": "2022-05-29T17:25:13Z", "success": true, "status": "Successful completion", "execution_id": "45095d36-df73-11ec-90bd-bc97e15b08d0", "time_taken": 441.4929304122925, "header": {"backend_name": "ibmq_jakarta", "backend_version": "1.0.34"}, "results": [{"shots": 8192, "success": true, "status": null, "seed": null, "meas_level": 1, "meas_return": "avg", "header": {"qubit_labels": [["q", 0]], "n_qubits": 1, "qreg_sizes": [["q", 1]], "clbit_labels": [["c", 0]], "memory_slots": 1, "creg_sizes": [["c", 1]], "name": "circuit-304", "global_phase": 0.0, "metadata": {}}, "data": {"counts": null, "snapshots": null, "memory": [[25249354.0, -26126608.0]], "statevector": null, "unitary": null}}, {"shots": 8192, "success": true, "status": null, "seed": null, "meas_level": 1, "meas_return": "avg", "header": {"qubit_labels": [["q", 0]], "n_qubits": 1, "qreg_sizes": [["q", 1]], "clbit_labels": [["c", 0]], "memory_slots": 1, "creg_sizes": [["c", 1]], "name": "circuit-305", "global_phase": 0.0, "metadata": {}}, "data": {"counts": null, "snapshots": null, "memory": [[25141144.0, -26187850.0]], "statevector": null, "unitary": null}}, {"shots": 8192, "success": true, "status": null, "seed": null, "meas_level": 1, "meas_return": "avg", "header": {"qubit_labels": [["q", 0]], "n_qubits": 1, "qreg_sizes": [["q", 1]], "clbit_labels": [["c", 0]], "memory_slots": 1, "creg_sizes": [["c", 1]], "name": "circuit-306", "global_phase": 0.0, "metadata": {}}, "data": {"counts": null, "snapshots": null, "memory": [[25187096.0, -26228352.0]], "statevector": null, "unitary": null}}, {"shots": 8192, "success": true, "status": null, "seed": null, "meas_level": 1, "meas_return": "avg", "header": {"qubit_labels": [["q", 0]], "n_qubits": 1, "qreg_sizes": [["q", 1]], "clbit_labels": [["c", 0]], "memory_slots": 1, "creg_sizes": [["c", 1]], "name": "circuit-307", "global_phase": 0.0, "metadata": {}}, "data": {"counts": null, "snapshots": null, "memory": [[25181036.0, -25738076.0]], "statevector": null, "unitary": null}}, {"shots": 8192, "success": true, "status": null, "seed": null, "meas_level": 1, "meas_return": "avg", "header": {"qubit_labels": [["q", 0]], "n_qubits": 1, "qreg_sizes": [["q", 1]], "clbit_labels": [["c", 0]], "memory_slots": 1, "creg_sizes": [["c", 1]], "name": "circuit-308", "global_phase": 0.0, "metadata": {}}, "data": {"counts": null, "snapshots": null, "memory": [[24771522.0, -25096344.0]], "statevector": null, "unitary": null}}, {"shots": 8192, "success": true, "status": null, "seed": null, "meas_level": 1, "meas_return": "avg", "header": {"qubit_labels": [["q", 0]], "n_qubits": 1, "qreg_sizes": [["q", 1]], "clbit_labels": [["c", 0]], "memory_slots": 1, "creg_sizes": [["c", 1]], "name": "circuit-309", "global_phase": 0.0, "metadata": {}}, "data": {"counts": null, "snapshots": null, "memory": [[24082068.0, -24057764.0]], "statevector": null, "unitary": null}}, {"shots": 8192, "success": true, "status": null, "seed": null, "meas_level": 1, "meas_return": "avg", "header": {"qubit_labels": [["q", 0]], "n_qubits": 1, "qreg_sizes": [["q", 1]], "clbit_labels": [["c", 0]], "memory_slots": 1, "creg_sizes": [["c", 1]], "name": "circuit-310", "global_phase": 0.0, "metadata": {}}, "data": {"counts": null, "snapshots": null, "memory": [[24087956.0, -23181782.0]], "statevector": null, "unitary": null}}, {"shots": 8192, "success": true, "status": null, "seed": null, "meas_level": 1, "meas_return": "avg", "header": {"qubit_labels": [["q", 0]], "n_qubits": 1, "qreg_sizes": [["q", 1]], "clbit_labels": [["c", 0]], "memory_slots": 1, "creg_sizes": [["c", 1]], "name": "circuit-311", "global_phase": 0.0, "metadata": {}}, "data": {"counts": null, "snapshots": null, "memory": [[23002314.0, -21454610.0]], "statevector": null, "unitary": null}}, {"shots": 8192, "success": true, "status": null, "seed": null, "meas_level": 1, "meas_return": "avg", "header": {"qubit_labels": [["q", 0]], "n_qubits": 1, "qreg_sizes": [["q", 1]], "clbit_labels": [["c", 0]], "memory_slots": 1, "creg_sizes": [["c", 1]], "name": "circuit-312", "global_phase": 0.0, "metadata": {}}, "data": {"counts": null, "snapshots": null, "memory": [[22894800.0, -20422440.0]], "statevector": null, "unitary": null}}, {"shots": 8192, "success": true, "status": null, "seed": null, "meas_level": 1, "meas_return": "avg", "header": {"qubit_labels": [["q", 0]], "n_qubits": 1, "qreg_sizes": [["q", 1]], "clbit_labels": [["c", 0]], "memory_slots": 1, "creg_sizes": [["c", 1]], "name": "circuit-313", "global_phase": 0.0, "metadata": {}}, "data": {"counts": null, "snapshots": null, "memory": [[21981386.0, -18874114.0]], "statevector": null, "unitary": null}}, {"shots": 8192, "success": true, "status": null, "seed": null, "meas_level": 1, "meas_return": "avg", "header": {"qubit_labels": [["q", 0]], "n_qubits": 1, "qreg_sizes": [["q", 1]], "clbit_labels": [["c", 0]], "memory_slots": 1, "creg_sizes": [["c", 1]], "name": "circuit-314", "global_phase": 0.0, "metadata": {}}, "data": {"counts": null, "snapshots": null, "memory": [[21506874.0, -17493224.0]], "statevector": null, "unitary": null}}, {"shots": 8192, "success": true, "status": null, "seed": null, "meas_level": 1, "meas_return": "avg", "header": {"qubit_labels": [["q", 0]], "n_qubits": 1, "qreg_sizes": [["q", 1]], "clbit_labels": [["c", 0]], "memory_slots": 1, "creg_sizes": [["c", 1]], "name": "circuit-315", "global_phase": 0.0, "metadata": {}}, "data": {"counts": null, "snapshots": null, "memory": [[20853960.0, -16123272.0]], "statevector": null, "unitary": null}}, {"shots": 8192, "success": true, "status": null, "seed": null, "meas_level": 1, "meas_return": "avg", "header": {"qubit_labels": [["q", 0]], "n_qubits": 1, "qreg_sizes": [["q", 1]], "clbit_labels": [["c", 0]], "memory_slots": 1, "creg_sizes": [["c", 1]], "name": "circuit-316", "global_phase": 0.0, "metadata": {}}, "data": {"counts": null, "snapshots": null, "memory": [[19756228.0, -14713540.0]], "statevector": null, "unitary": null}}, {"shots": 8192, "success": true, "status": null, "seed": null, "meas_level": 1, "meas_return": "avg", "header": {"qubit_labels": [["q", 0]], "n_qubits": 1, "qreg_sizes": [["q", 1]], "clbit_labels": [["c", 0]], "memory_slots": 1, "creg_sizes": [["c", 1]], "name": "circuit-317", "global_phase": 0.0, "metadata": {}}, "data": {"counts": null, "snapshots": null, "memory": [[19976240.0, -13330709.0]], "statevector": null, "unitary": null}}, {"shots": 8192, "success": true, "status": null, "seed": null, "meas_level": 1, "meas_return": "avg", "header": {"qubit_labels": [["q", 0]], "n_qubits": 1, "qreg_sizes": [["q", 1]], "clbit_labels": [["c", 0]], "memory_slots": 1, "creg_sizes": [["c", 1]], "name": "circuit-318", "global_phase": 0.0, "metadata": {}}, "data": {"counts": null, "snapshots": null, "memory": [[18902466.0, -12040647.0]], "statevector": null, "unitary": null}}, {"shots": 8192, "success": true, "status": null, "seed": null, "meas_level": 1, "meas_return": "avg", "header": {"qubit_labels": [["q", 0]], "n_qubits": 1, "qreg_sizes": [["q", 1]], "clbit_labels": [["c", 0]], "memory_slots": 1, "creg_sizes": [["c", 1]], "name": "circuit-319", "global_phase": 0.0, "metadata": {}}, "data": {"counts": null, "snapshots": null, "memory": [[18560536.0, -11327936.0]], "statevector": null, "unitary": null}}, {"shots": 8192, "success": true, "status": null, "seed": null, "meas_level": 1, "meas_return": "avg", "header": {"qubit_labels": [["q", 0]], "n_qubits": 1, "qreg_sizes": [["q", 1]], "clbit_labels": [["c", 0]], "memory_slots": 1, "creg_sizes": [["c", 1]], "name": "circuit-320", "global_phase": 0.0, "metadata": {}}, "data": {"counts": null, "snapshots": null, "memory": [[18277696.0, -10601323.0]], "statevector": null, "unitary": null}}, {"shots": 8192, "success": true, "status": null, "seed": null, "meas_level": 1, "meas_return": "avg", "header": {"qubit_labels": [["q", 0]], "n_qubits": 1, "qreg_sizes": [["q", 1]], "clbit_labels": [["c", 0]], "memory_slots": 1, "creg_sizes": [["c", 1]], "name": "circuit-321", "global_phase": 0.0, "metadata": {}}, "data": {"counts": null, "snapshots": null, "memory": [[17996896.0, -9997531.0]], "statevector": null, "unitary": null}}, {"shots": 8192, "success": true, "status": null, "seed": null, "meas_level": 1, "meas_return": "avg", "header": {"qubit_labels": [["q", 0]], "n_qubits": 1, "qreg_sizes": [["q", 1]], "clbit_labels": [["c", 0]], "memory_slots": 1, "creg_sizes": [["c", 1]], "name": "circuit-322", "global_phase": 0.0, "metadata": {}}, "data": {"counts": null, "snapshots": null, "memory": [[17796282.0, -9629541.0]], "statevector": null, "unitary": null}}, {"shots": 8192, "success": true, "status": null, "seed": null, "meas_level": 1, "meas_return": "avg", "header": {"qubit_labels": [["q", 0]], "n_qubits": 1, "qreg_sizes": [["q", 1]], "clbit_labels": [["c", 0]], "memory_slots": 1, "creg_sizes": [["c", 1]], "name": "circuit-323", "global_phase": 0.0, "metadata": {}}, "data": {"counts": null, "snapshots": null, "memory": [[18019940.0, -9507821.0]], "statevector": null, "unitary": null}}, {"shots": 8192, "success": true, "status": null, "seed": null, "meas_level": 1, "meas_return": "avg", "header": {"qubit_labels": [["q", 0]], "n_qubits": 1, "qreg_sizes": [["q", 1]], "clbit_labels": [["c", 0]], "memory_slots": 1, "creg_sizes": [["c", 1]], "name": "circuit-324", "global_phase": 0.0, "metadata": {}}, "data": {"counts": null, "snapshots": null, "memory": [[17980252.0, -9536536.0]], "statevector": null, "unitary": null}}, {"shots": 8192, "success": true, "status": null, "seed": null, "meas_level": 1, "meas_return": "avg", "header": {"qubit_labels": [["q", 0]], "n_qubits": 1, "qreg_sizes": [["q", 1]], "clbit_labels": [["c", 0]], "memory_slots": 1, "creg_sizes": [["c", 1]], "name": "circuit-325", "global_phase": 0.0, "metadata": {}}, "data": {"counts": null, "snapshots": null, "memory": [[18543364.0, -9809140.0]], "statevector": null, "unitary": null}}, {"shots": 8192, "success": true, "status": null, "seed": null, "meas_level": 1, "meas_return": "avg", "header": {"qubit_labels": [["q", 0]], "n_qubits": 1, "qreg_sizes": [["q", 1]], "clbit_labels": [["c", 0]], "memory_slots": 1, "creg_sizes": [["c", 1]], "name": "circuit-326", "global_phase": 0.0, "metadata": {}}, "data": {"counts": null, "snapshots": null, "memory": [[18479464.0, -11007994.0]], "statevector": null, "unitary": null}}, {"shots": 8192, "success": true, "status": null, "seed": null, "meas_level": 1, "meas_return": "avg", "header": {"qubit_labels": [["q", 0]], "n_qubits": 1, "qreg_sizes": [["q", 1]], "clbit_labels": [["c", 0]], "memory_slots": 1, "creg_sizes": [["c", 1]], "name": "circuit-327", "global_phase": 0.0, "metadata": {}}, "data": {"counts": null, "snapshots": null, "memory": [[19138932.0, -11350818.0]], "statevector": null, "unitary": null}}, {"shots": 8192, "success": true, "status": null, "seed": null, "meas_level": 1, "meas_return": "avg", "header": {"qubit_labels": [["q", 0]], "n_qubits": 1, "qreg_sizes": [["q", 1]], "clbit_labels": [["c", 0]], "memory_slots": 1, "creg_sizes": [["c", 1]], "name": "circuit-328", "global_phase": 0.0, "metadata": {}}, "data": {"counts": null, "snapshots": null, "memory": [[19399388.0, -12462020.0]], "statevector": null, "unitary": null}}, {"shots": 8192, "success": true, "status": null, "seed": null, "meas_level": 1, "meas_return": "avg", "header": {"qubit_labels": [["q", 0]], "n_qubits": 1, "qreg_sizes": [["q", 1]], "clbit_labels": [["c", 0]], "memory_slots": 1, "creg_sizes": [["c", 1]], "name": "circuit-329", "global_phase": 0.0, "metadata": {}}, "data": {"counts": null, "snapshots": null, "memory": [[19775724.0, -13896534.0]], "statevector": null, "unitary": null}}, {"shots": 8192, "success": true, "status": null, "seed": null, "meas_level": 1, "meas_return": "avg", "header": {"qubit_labels": [["q", 0]], "n_qubits": 1, "qreg_sizes": [["q", 1]], "clbit_labels": [["c", 0]], "memory_slots": 1, "creg_sizes": [["c", 1]], "name": "circuit-330", "global_phase": 0.0, "metadata": {}}, "data": {"counts": null, "snapshots": null, "memory": [[20437030.0, -15139023.0]], "statevector": null, "unitary": null}}, {"shots": 8192, "success": true, "status": null, "seed": null, "meas_level": 1, "meas_return": "avg", "header": {"qubit_labels": [["q", 0]], "n_qubits": 1, "qreg_sizes": [["q", 1]], "clbit_labels": [["c", 0]], "memory_slots": 1, "creg_sizes": [["c", 1]], "name": "circuit-331", "global_phase": 0.0, "metadata": {}}, "data": {"counts": null, "snapshots": null, "memory": [[20899736.0, -16590213.0]], "statevector": null, "unitary": null}}, {"shots": 8192, "success": true, "status": null, "seed": null, "meas_level": 1, "meas_return": "avg", "header": {"qubit_labels": [["q", 0]], "n_qubits": 1, "qreg_sizes": [["q", 1]], "clbit_labels": [["c", 0]], "memory_slots": 1, "creg_sizes": [["c", 1]], "name": "circuit-332", "global_phase": 0.0, "metadata": {}}, "data": {"counts": null, "snapshots": null, "memory": [[21842124.0, -18331826.0]], "statevector": null, "unitary": null}}, {"shots": 8192, "success": true, "status": null, "seed": null, "meas_level": 1, "meas_return": "avg", "header": {"qubit_labels": [["q", 0]], "n_qubits": 1, "qreg_sizes": [["q", 1]], "clbit_labels": [["c", 0]], "memory_slots": 1, "creg_sizes": [["c", 1]], "name": "circuit-333", "global_phase": 0.0, "metadata": {}}, "data": {"counts": null, "snapshots": null, "memory": [[22074038.0, -19458368.0]], "statevector": null, "unitary": null}}, {"shots": 8192, "success": true, "status": null, "seed": null, "meas_level": 1, "meas_return": "avg", "header": {"qubit_labels": [["q", 0]], "n_qubits": 1, "qreg_sizes": [["q", 1]], "clbit_labels": [["c", 0]], "memory_slots": 1, "creg_sizes": [["c", 1]], "name": "circuit-334", "global_phase": 0.0, "metadata": {}}, "data": {"counts": null, "snapshots": null, "memory": [[23032086.0, -21103364.0]], "statevector": null, "unitary": null}}, {"shots": 8192, "success": true, "status": null, "seed": null, "meas_level": 1, "meas_return": "avg", "header": {"qubit_labels": [["q", 0]], "n_qubits": 1, "qreg_sizes": [["q", 1]], "clbit_labels": [["c", 0]], "memory_slots": 1, "creg_sizes": [["c", 1]], "name": "circuit-335", "global_phase": 0.0, "metadata": {}}, "data": {"counts": null, "snapshots": null, "memory": [[23344860.0, -22112492.0]], "statevector": null, "unitary": null}}, {"shots": 8192, "success": true, "status": null, "seed": null, "meas_level": 1, "meas_return": "avg", "header": {"qubit_labels": [["q", 0]], "n_qubits": 1, "qreg_sizes": [["q", 1]], "clbit_labels": [["c", 0]], "memory_slots": 1, "creg_sizes": [["c", 1]], "name": "circuit-336", "global_phase": 0.0, "metadata": {}}, "data": {"counts": null, "snapshots": null, "memory": [[24300082.0, -23820796.0]], "statevector": null, "unitary": null}}, {"shots": 8192, "success": true, "status": null, "seed": null, "meas_level": 1, "meas_return": "avg", "header": {"qubit_labels": [["q", 0]], "n_qubits": 1, "qreg_sizes": [["q", 1]], "clbit_labels": [["c", 0]], "memory_slots": 1, "creg_sizes": [["c", 1]], "name": "circuit-337", "global_phase": 0.0, "metadata": {}}, "data": {"counts": null, "snapshots": null, "memory": [[24490398.0, -24815440.0]], "statevector": null, "unitary": null}}, {"shots": 8192, "success": true, "status": null, "seed": null, "meas_level": 1, "meas_return": "avg", "header": {"qubit_labels": [["q", 0]], "n_qubits": 1, "qreg_sizes": [["q", 1]], "clbit_labels": [["c", 0]], "memory_slots": 1, "creg_sizes": [["c", 1]], "name": "circuit-338", "global_phase": 0.0, "metadata": {}}, "data": {"counts": null, "snapshots": null, "memory": [[24940054.0, -25398826.0]], "statevector": null, "unitary": null}}, {"shots": 8192, "success": true, "status": null, "seed": null, "meas_level": 1, "meas_return": "avg", "header": {"qubit_labels": [["q", 0]], "n_qubits": 1, "qreg_sizes": [["q", 1]], "clbit_labels": [["c", 0]], "memory_slots": 1, "creg_sizes": [["c", 1]], "name": "circuit-339", "global_phase": 0.0, "metadata": {}}, "data": {"counts": null, "snapshots": null, "memory": [[24645508.0, -26102540.0]], "statevector": null, "unitary": null}}, {"shots": 8192, "success": true, "status": null, "seed": null, "meas_level": 1, "meas_return": "avg", "header": {"qubit_labels": [["q", 0]], "n_qubits": 1, "qreg_sizes": [["q", 1]], "clbit_labels": [["c", 0]], "memory_slots": 1, "creg_sizes": [["c", 1]], "name": "circuit-340", "global_phase": 0.0, "metadata": {}}, "data": {"counts": null, "snapshots": null, "memory": [[24892220.0, -26031934.0]], "statevector": null, "unitary": null}}, {"shots": 8192, "success": true, "status": null, "seed": null, "meas_level": 1, "meas_return": "avg", "header": {"qubit_labels": [["q", 0]], "n_qubits": 1, "qreg_sizes": [["q", 1]], "clbit_labels": [["c", 0]], "memory_slots": 1, "creg_sizes": [["c", 1]], "name": "circuit-341", "global_phase": 0.0, "metadata": {}}, "data": {"counts": null, "snapshots": null, "memory": [[24803342.0, -25673170.0]], "statevector": null, "unitary": null}}, {"shots": 8192, "success": true, "status": null, "seed": null, "meas_level": 1, "meas_return": "avg", "header": {"qubit_labels": [["q", 0]], "n_qubits": 1, "qreg_sizes": [["q", 1]], "clbit_labels": [["c", 0]], "memory_slots": 1, "creg_sizes": [["c", 1]], "name": "circuit-342", "global_phase": 0.0, "metadata": {}}, "data": {"counts": null, "snapshots": null, "memory": [[24995088.0, -25525034.0]], "statevector": null, "unitary": null}}, {"shots": 8192, "success": true, "status": null, "seed": null, "meas_level": 1, "meas_return": "avg", "header": {"qubit_labels": [["q", 0]], "n_qubits": 1, "qreg_sizes": [["q", 1]], "clbit_labels": [["c", 0]], "memory_slots": 1, "creg_sizes": [["c", 1]], "name": "circuit-343", "global_phase": 0.0, "metadata": {}}, "data": {"counts": null, "snapshots": null, "memory": [[24142558.0, -24527360.0]], "statevector": null, "unitary": null}}, {"shots": 8192, "success": true, "status": null, "seed": null, "meas_level": 1, "meas_return": "avg", "header": {"qubit_labels": [["q", 0]], "n_qubits": 1, "qreg_sizes": [["q", 1]], "clbit_labels": [["c", 0]], "memory_slots": 1, "creg_sizes": [["c", 1]], "name": "circuit-344", "global_phase": 0.0, "metadata": {}}, "data": {"counts": null, "snapshots": null, "memory": [[24083330.0, -23452326.0]], "statevector": null, "unitary": null}}, {"shots": 8192, "success": true, "status": null, "seed": null, "meas_level": 1, "meas_return": "avg", "header": {"qubit_labels": [["q", 0]], "n_qubits": 1, "qreg_sizes": [["q", 1]], "clbit_labels": [["c", 0]], "memory_slots": 1, "creg_sizes": [["c", 1]], "name": "circuit-345", "global_phase": 0.0, "metadata": {}}, "data": {"counts": null, "snapshots": null, "memory": [[23542096.0, -21959040.0]], "statevector": null, "unitary": null}}, {"shots": 8192, "success": true, "status": null, "seed": null, "meas_level": 1, "meas_return": "avg", "header": {"qubit_labels": [["q", 0]], "n_qubits": 1, "qreg_sizes": [["q", 1]], "clbit_labels": [["c", 0]], "memory_slots": 1, "creg_sizes": [["c", 1]], "name": "circuit-346", "global_phase": 0.0, "metadata": {}}, "data": {"counts": null, "snapshots": null, "memory": [[22780016.0, -20327386.0]], "statevector": null, "unitary": null}}, {"shots": 8192, "success": true, "status": null, "seed": null, "meas_level": 1, "meas_return": "avg", "header": {"qubit_labels": [["q", 0]], "n_qubits": 1, "qreg_sizes": [["q", 1]], "clbit_labels": [["c", 0]], "memory_slots": 1, "creg_sizes": [["c", 1]], "name": "circuit-347", "global_phase": 0.0, "metadata": {}}, "data": {"counts": null, "snapshots": null, "memory": [[22009944.0, -19110642.0]], "statevector": null, "unitary": null}}, {"shots": 8192, "success": true, "status": null, "seed": null, "meas_level": 1, "meas_return": "avg", "header": {"qubit_labels": [["q", 0]], "n_qubits": 1, "qreg_sizes": [["q", 1]], "clbit_labels": [["c", 0]], "memory_slots": 1, "creg_sizes": [["c", 1]], "name": "circuit-348", "global_phase": 0.0, "metadata": {}}, "data": {"counts": null, "snapshots": null, "memory": [[21504522.0, -17724578.0]], "statevector": null, "unitary": null}}, {"shots": 8192, "success": true, "status": null, "seed": null, "meas_level": 1, "meas_return": "avg", "header": {"qubit_labels": [["q", 0]], "n_qubits": 1, "qreg_sizes": [["q", 1]], "clbit_labels": [["c", 0]], "memory_slots": 1, "creg_sizes": [["c", 1]], "name": "circuit-349", "global_phase": 0.0, "metadata": {}}, "data": {"counts": null, "snapshots": null, "memory": [[20708080.0, -15885337.0]], "statevector": null, "unitary": null}}, {"shots": 8192, "success": true, "status": null, "seed": null, "meas_level": 1, "meas_return": "avg", "header": {"qubit_labels": [["q", 0]], "n_qubits": 1, "qreg_sizes": [["q", 1]], "clbit_labels": [["c", 0]], "memory_slots": 1, "creg_sizes": [["c", 1]], "name": "circuit-350", "global_phase": 0.0, "metadata": {}}, "data": {"counts": null, "snapshots": null, "memory": [[20164368.0, -14286776.0]], "statevector": null, "unitary": null}}, {"shots": 8192, "success": true, "status": null, "seed": null, "meas_level": 1, "meas_return": "avg", "header": {"qubit_labels": [["q", 0]], "n_qubits": 1, "qreg_sizes": [["q", 1]], "clbit_labels": [["c", 0]], "memory_slots": 1, "creg_sizes": [["c", 1]], "name": "circuit-351", "global_phase": 0.0, "metadata": {}}, "data": {"counts": null, "snapshots": null, "memory": [[19481574.0, -12961396.0]], "statevector": null, "unitary": null}}, {"shots": 8192, "success": true, "status": null, "seed": null, "meas_level": 1, "meas_return": "avg", "header": {"qubit_labels": [["q", 0]], "n_qubits": 1, "qreg_sizes": [["q", 1]], "clbit_labels": [["c", 0]], "memory_slots": 1, "creg_sizes": [["c", 1]], "name": "circuit-352", "global_phase": 0.0, "metadata": {}}, "data": {"counts": null, "snapshots": null, "memory": [[18821166.0, -11918215.0]], "statevector": null, "unitary": null}}, {"shots": 8192, "success": true, "status": null, "seed": null, "meas_level": 1, "meas_return": "avg", "header": {"qubit_labels": [["q", 0]], "n_qubits": 1, "qreg_sizes": [["q", 1]], "clbit_labels": [["c", 0]], "memory_slots": 1, "creg_sizes": [["c", 1]], "name": "circuit-353", "global_phase": 0.0, "metadata": {}}, "data": {"counts": null, "snapshots": null, "memory": [[18574460.0, -10902670.0]], "statevector": null, "unitary": null}}, {"shots": 8192, "success": true, "status": null, "seed": null, "meas_level": 1, "meas_return": "avg", "header": {"qubit_labels": [["q", 0]], "n_qubits": 1, "qreg_sizes": [["q", 1]], "clbit_labels": [["c", 0]], "memory_slots": 1, "creg_sizes": [["c", 1]], "name": "circuit-354", "global_phase": 0.0, "metadata": {}}, "data": {"counts": null, "snapshots": null, "memory": [[17993344.0, -10326928.0]], "statevector": null, "unitary": null}}, {"shots": 8192, "success": true, "status": null, "seed": null, "meas_level": 1, "meas_return": "avg", "header": {"qubit_labels": [["q", 0]], "n_qubits": 1, "qreg_sizes": [["q", 1]], "clbit_labels": [["c", 0]], "memory_slots": 1, "creg_sizes": [["c", 1]], "name": "circuit-355", "global_phase": 0.0, "metadata": {}}, "data": {"counts": null, "snapshots": null, "memory": [[17874960.0, -9901021.0]], "statevector": null, "unitary": null}}, {"shots": 8192, "success": true, "status": null, "seed": null, "meas_level": 1, "meas_return": "avg", "header": {"qubit_labels": [["q", 0]], "n_qubits": 1, "qreg_sizes": [["q", 1]], "clbit_labels": [["c", 0]], "memory_slots": 1, "creg_sizes": [["c", 1]], "name": "circuit-356", "global_phase": 0.0, "metadata": {}}, "data": {"counts": null, "snapshots": null, "memory": [[18004382.0, -9294690.0]], "statevector": null, "unitary": null}}, {"shots": 8192, "success": true, "status": null, "seed": null, "meas_level": 1, "meas_return": "avg", "header": {"qubit_labels": [["q", 0]], "n_qubits": 1, "qreg_sizes": [["q", 1]], "clbit_labels": [["c", 0]], "memory_slots": 1, "creg_sizes": [["c", 1]], "name": "circuit-357", "global_phase": 0.0, "metadata": {}}, "data": {"counts": null, "snapshots": null, "memory": [[17953002.0, -9675012.0]], "statevector": null, "unitary": null}}, {"shots": 8192, "success": true, "status": null, "seed": null, "meas_level": 1, "meas_return": "avg", "header": {"qubit_labels": [["q", 0]], "n_qubits": 1, "qreg_sizes": [["q", 1]], "clbit_labels": [["c", 0]], "memory_slots": 1, "creg_sizes": [["c", 1]], "name": "circuit-358", "global_phase": 0.0, "metadata": {}}, "data": {"counts": null, "snapshots": null, "memory": [[18171718.0, -10109763.0]], "statevector": null, "unitary": null}}, {"shots": 8192, "success": true, "status": null, "seed": null, "meas_level": 1, "meas_return": "avg", "header": {"qubit_labels": [["q", 0]], "n_qubits": 1, "qreg_sizes": [["q", 1]], "clbit_labels": [["c", 0]], "memory_slots": 1, "creg_sizes": [["c", 1]], "name": "circuit-359", "global_phase": 0.0, "metadata": {}}, "data": {"counts": null, "snapshots": null, "memory": [[18442554.0, -10363501.0]], "statevector": null, "unitary": null}}, {"shots": 8192, "success": true, "status": null, "seed": null, "meas_level": 1, "meas_return": "avg", "header": {"qubit_labels": [["q", 0]], "n_qubits": 1, "qreg_sizes": [["q", 1]], "clbit_labels": [["c", 0]], "memory_slots": 1, "creg_sizes": [["c", 1]], "name": "circuit-360", "global_phase": 0.0, "metadata": {}}, "data": {"counts": null, "snapshots": null, "memory": [[18737942.0, -11423753.0]], "statevector": null, "unitary": null}}, {"shots": 8192, "success": true, "status": null, "seed": null, "meas_level": 1, "meas_return": "avg", "header": {"qubit_labels": [["q", 0]], "n_qubits": 1, "qreg_sizes": [["q", 1]], "clbit_labels": [["c", 0]], "memory_slots": 1, "creg_sizes": [["c", 1]], "name": "circuit-361", "global_phase": 0.0, "metadata": {}}, "data": {"counts": null, "snapshots": null, "memory": [[19061190.0, -12549572.0]], "statevector": null, "unitary": null}}, {"shots": 8192, "success": true, "status": null, "seed": null, "meas_level": 1, "meas_return": "avg", "header": {"qubit_labels": [["q", 0]], "n_qubits": 1, "qreg_sizes": [["q", 1]], "clbit_labels": [["c", 0]], "memory_slots": 1, "creg_sizes": [["c", 1]], "name": "circuit-362", "global_phase": 0.0, "metadata": {}}, "data": {"counts": null, "snapshots": null, "memory": [[19855674.0, -13731103.0]], "statevector": null, "unitary": null}}, {"shots": 8192, "success": true, "status": null, "seed": null, "meas_level": 1, "meas_return": "avg", "header": {"qubit_labels": [["q", 0]], "n_qubits": 1, "qreg_sizes": [["q", 1]], "clbit_labels": [["c", 0]], "memory_slots": 1, "creg_sizes": [["c", 1]], "name": "circuit-363", "global_phase": 0.0, "metadata": {}}, "data": {"counts": null, "snapshots": null, "memory": [[20477844.0, -15283758.0]], "statevector": null, "unitary": null}}, {"shots": 8192, "success": true, "status": null, "seed": null, "meas_level": 1, "meas_return": "avg", "header": {"qubit_labels": [["q", 0]], "n_qubits": 1, "qreg_sizes": [["q", 1]], "clbit_labels": [["c", 0]], "memory_slots": 1, "creg_sizes": [["c", 1]], "name": "circuit-364", "global_phase": 0.0, "metadata": {}}, "data": {"counts": null, "snapshots": null, "memory": [[21198526.0, -16791820.0]], "statevector": null, "unitary": null}}, {"shots": 8192, "success": true, "status": null, "seed": null, "meas_level": 1, "meas_return": "avg", "header": {"qubit_labels": [["q", 0]], "n_qubits": 1, "qreg_sizes": [["q", 1]], "clbit_labels": [["c", 0]], "memory_slots": 1, "creg_sizes": [["c", 1]], "name": "circuit-365", "global_phase": 0.0, "metadata": {}}, "data": {"counts": null, "snapshots": null, "memory": [[21807280.0, -18444644.0]], "statevector": null, "unitary": null}}, {"shots": 8192, "success": true, "status": null, "seed": null, "meas_level": 1, "meas_return": "avg", "header": {"qubit_labels": [["q", 0]], "n_qubits": 1, "qreg_sizes": [["q", 1]], "clbit_labels": [["c", 0]], "memory_slots": 1, "creg_sizes": [["c", 1]], "name": "circuit-366", "global_phase": 0.0, "metadata": {}}, "data": {"counts": null, "snapshots": null, "memory": [[22538772.0, -20075572.0]], "statevector": null, "unitary": null}}, {"shots": 8192, "success": true, "status": null, "seed": null, "meas_level": 1, "meas_return": "avg", "header": {"qubit_labels": [["q", 0]], "n_qubits": 1, "qreg_sizes": [["q", 1]], "clbit_labels": [["c", 0]], "memory_slots": 1, "creg_sizes": [["c", 1]], "name": "circuit-367", "global_phase": 0.0, "metadata": {}}, "data": {"counts": null, "snapshots": null, "memory": [[23401866.0, -21511224.0]], "statevector": null, "unitary": null}}, {"shots": 8192, "success": true, "status": null, "seed": null, "meas_level": 1, "meas_return": "avg", "header": {"qubit_labels": [["q", 0]], "n_qubits": 1, "qreg_sizes": [["q", 1]], "clbit_labels": [["c", 0]], "memory_slots": 1, "creg_sizes": [["c", 1]], "name": "circuit-368", "global_phase": 0.0, "metadata": {}}, "data": {"counts": null, "snapshots": null, "memory": [[23671700.0, -23246438.0]], "statevector": null, "unitary": null}}, {"shots": 8192, "success": true, "status": null, "seed": null, "meas_level": 1, "meas_return": "avg", "header": {"qubit_labels": [["q", 0]], "n_qubits": 1, "qreg_sizes": [["q", 1]], "clbit_labels": [["c", 0]], "memory_slots": 1, "creg_sizes": [["c", 1]], "name": "circuit-369", "global_phase": 0.0, "metadata": {}}, "data": {"counts": null, "snapshots": null, "memory": [[24442776.0, -24288706.0]], "statevector": null, "unitary": null}}, {"shots": 8192, "success": true, "status": null, "seed": null, "meas_level": 1, "meas_return": "avg", "header": {"qubit_labels": [["q", 0]], "n_qubits": 1, "qreg_sizes": [["q", 1]], "clbit_labels": [["c", 0]], "memory_slots": 1, "creg_sizes": [["c", 1]], "name": "circuit-370", "global_phase": 0.0, "metadata": {}}, "data": {"counts": null, "snapshots": null, "memory": [[24700320.0, -25013204.0]], "statevector": null, "unitary": null}}, {"shots": 8192, "success": true, "status": null, "seed": null, "meas_level": 1, "meas_return": "avg", "header": {"qubit_labels": [["q", 0]], "n_qubits": 1, "qreg_sizes": [["q", 1]], "clbit_labels": [["c", 0]], "memory_slots": 1, "creg_sizes": [["c", 1]], "name": "circuit-371", "global_phase": 0.0, "metadata": {}}, "data": {"counts": null, "snapshots": null, "memory": [[24735010.0, -25897938.0]], "statevector": null, "unitary": null}}, {"shots": 8192, "success": true, "status": null, "seed": null, "meas_level": 1, "meas_return": "avg", "header": {"qubit_labels": [["q", 0]], "n_qubits": 1, "qreg_sizes": [["q", 1]], "clbit_labels": [["c", 0]], "memory_slots": 1, "creg_sizes": [["c", 1]], "name": "circuit-372", "global_phase": 0.0, "metadata": {}}, "data": {"counts": null, "snapshots": null, "memory": [[25013092.0, -26029574.0]], "statevector": null, "unitary": null}}, {"shots": 8192, "success": true, "status": null, "seed": null, "meas_level": 1, "meas_return": "avg", "header": {"qubit_labels": [["q", 0]], "n_qubits": 1, "qreg_sizes": [["q", 1]], "clbit_labels": [["c", 0]], "memory_slots": 1, "creg_sizes": [["c", 1]], "name": "circuit-373", "global_phase": 0.0, "metadata": {}}, "data": {"counts": null, "snapshots": null, "memory": [[24825494.0, -25882950.0]], "statevector": null, "unitary": null}}, {"shots": 8192, "success": true, "status": null, "seed": null, "meas_level": 1, "meas_return": "avg", "header": {"qubit_labels": [["q", 0]], "n_qubits": 1, "qreg_sizes": [["q", 1]], "clbit_labels": [["c", 0]], "memory_slots": 1, "creg_sizes": [["c", 1]], "name": "circuit-374", "global_phase": 0.0, "metadata": {}}, "data": {"counts": null, "snapshots": null, "memory": [[25208896.0, -25607382.0]], "statevector": null, "unitary": null}}, {"shots": 8192, "success": true, "status": null, "seed": null, "meas_level": 1, "meas_return": "avg", "header": {"qubit_labels": [["q", 0]], "n_qubits": 1, "qreg_sizes": [["q", 1]], "clbit_labels": [["c", 0]], "memory_slots": 1, "creg_sizes": [["c", 1]], "name": "circuit-375", "global_phase": 0.0, "metadata": {}}, "data": {"counts": null, "snapshots": null, "memory": [[24637728.0, -24755272.0]], "statevector": null, "unitary": null}}, {"shots": 8192, "success": true, "status": null, "seed": null, "meas_level": 1, "meas_return": "avg", "header": {"qubit_labels": [["q", 0]], "n_qubits": 1, "qreg_sizes": [["q", 1]], "clbit_labels": [["c", 0]], "memory_slots": 1, "creg_sizes": [["c", 1]], "name": "circuit-376", "global_phase": 0.0, "metadata": {}}, "data": {"counts": null, "snapshots": null, "memory": [[23955492.0, -23669106.0]], "statevector": null, "unitary": null}}, {"shots": 8192, "success": true, "status": null, "seed": null, "meas_level": 1, "meas_return": "avg", "header": {"qubit_labels": [["q", 0]], "n_qubits": 1, "qreg_sizes": [["q", 1]], "clbit_labels": [["c", 0]], "memory_slots": 1, "creg_sizes": [["c", 1]], "name": "circuit-377", "global_phase": 0.0, "metadata": {}}, "data": {"counts": null, "snapshots": null, "memory": [[23523212.0, -22566950.0]], "statevector": null, "unitary": null}}, {"shots": 8192, "success": true, "status": null, "seed": null, "meas_level": 1, "meas_return": "avg", "header": {"qubit_labels": [["q", 0]], "n_qubits": 1, "qreg_sizes": [["q", 1]], "clbit_labels": [["c", 0]], "memory_slots": 1, "creg_sizes": [["c", 1]], "name": "circuit-378", "global_phase": 0.0, "metadata": {}}, "data": {"counts": null, "snapshots": null, "memory": [[22454644.0, -20718416.0]], "statevector": null, "unitary": null}}, {"shots": 8192, "success": true, "status": null, "seed": null, "meas_level": 1, "meas_return": "avg", "header": {"qubit_labels": [["q", 0]], "n_qubits": 1, "qreg_sizes": [["q", 1]], "clbit_labels": [["c", 0]], "memory_slots": 1, "creg_sizes": [["c", 1]], "name": "circuit-379", "global_phase": 0.0, "metadata": {}}, "data": {"counts": null, "snapshots": null, "memory": [[22297668.0, -19098242.0]], "statevector": null, "unitary": null}}, {"shots": 8192, "success": true, "status": null, "seed": null, "meas_level": 1, "meas_return": "avg", "header": {"qubit_labels": [["q", 0]], "n_qubits": 1, "qreg_sizes": [["q", 1]], "clbit_labels": [["c", 0]], "memory_slots": 1, "creg_sizes": [["c", 1]], "name": "circuit-380", "global_phase": 0.0, "metadata": {}}, "data": {"counts": null, "snapshots": null, "memory": [[21311636.0, -17732778.0]], "statevector": null, "unitary": null}}, {"shots": 8192, "success": true, "status": null, "seed": null, "meas_level": 1, "meas_return": "avg", "header": {"qubit_labels": [["q", 0]], "n_qubits": 1, "qreg_sizes": [["q", 1]], "clbit_labels": [["c", 0]], "memory_slots": 1, "creg_sizes": [["c", 1]], "name": "circuit-381", "global_phase": 0.0, "metadata": {}}, "data": {"counts": null, "snapshots": null, "memory": [[20286926.0, -15688712.0]], "statevector": null, "unitary": null}}, {"shots": 8192, "success": true, "status": null, "seed": null, "meas_level": 1, "meas_return": "avg", "header": {"qubit_labels": [["q", 0]], "n_qubits": 1, "qreg_sizes": [["q", 1]], "clbit_labels": [["c", 0]], "memory_slots": 1, "creg_sizes": [["c", 1]], "name": "circuit-382", "global_phase": 0.0, "metadata": {}}, "data": {"counts": null, "snapshots": null, "memory": [[20197820.0, -14259355.0]], "statevector": null, "unitary": null}}, {"shots": 8192, "success": true, "status": null, "seed": null, "meas_level": 1, "meas_return": "avg", "header": {"qubit_labels": [["q", 0]], "n_qubits": 1, "qreg_sizes": [["q", 1]], "clbit_labels": [["c", 0]], "memory_slots": 1, "creg_sizes": [["c", 1]], "name": "circuit-383", "global_phase": 0.0, "metadata": {}}, "data": {"counts": null, "snapshots": null, "memory": [[19692566.0, -12691914.0]], "statevector": null, "unitary": null}}, {"shots": 8192, "success": true, "status": null, "seed": null, "meas_level": 1, "meas_return": "avg", "header": {"qubit_labels": [["q", 0]], "n_qubits": 1, "qreg_sizes": [["q", 1]], "clbit_labels": [["c", 0]], "memory_slots": 1, "creg_sizes": [["c", 1]], "name": "circuit-384", "global_phase": 0.0, "metadata": {}}, "data": {"counts": null, "snapshots": null, "memory": [[18803410.0, -11789025.0]], "statevector": null, "unitary": null}}, {"shots": 8192, "success": true, "status": null, "seed": null, "meas_level": 1, "meas_return": "avg", "header": {"qubit_labels": [["q", 0]], "n_qubits": 1, "qreg_sizes": [["q", 1]], "clbit_labels": [["c", 0]], "memory_slots": 1, "creg_sizes": [["c", 1]], "name": "circuit-385", "global_phase": 0.0, "metadata": {}}, "data": {"counts": null, "snapshots": null, "memory": [[18583256.0, -10503653.0]], "statevector": null, "unitary": null}}, {"shots": 8192, "success": true, "status": null, "seed": null, "meas_level": 1, "meas_return": "avg", "header": {"qubit_labels": [["q", 0]], "n_qubits": 1, "qreg_sizes": [["q", 1]], "clbit_labels": [["c", 0]], "memory_slots": 1, "creg_sizes": [["c", 1]], "name": "circuit-386", "global_phase": 0.0, "metadata": {}}, "data": {"counts": null, "snapshots": null, "memory": [[18234328.0, -9867507.0]], "statevector": null, "unitary": null}}, {"shots": 8192, "success": true, "status": null, "seed": null, "meas_level": 1, "meas_return": "avg", "header": {"qubit_labels": [["q", 0]], "n_qubits": 1, "qreg_sizes": [["q", 1]], "clbit_labels": [["c", 0]], "memory_slots": 1, "creg_sizes": [["c", 1]], "name": "circuit-387", "global_phase": 0.0, "metadata": {}}, "data": {"counts": null, "snapshots": null, "memory": [[18224202.0, -9472158.0]], "statevector": null, "unitary": null}}, {"shots": 8192, "success": true, "status": null, "seed": null, "meas_level": 1, "meas_return": "avg", "header": {"qubit_labels": [["q", 0]], "n_qubits": 1, "qreg_sizes": [["q", 1]], "clbit_labels": [["c", 0]], "memory_slots": 1, "creg_sizes": [["c", 1]], "name": "circuit-388", "global_phase": 0.0, "metadata": {}}, "data": {"counts": null, "snapshots": null, "memory": [[17797678.0, -9329772.0]], "statevector": null, "unitary": null}}, {"shots": 8192, "success": true, "status": null, "seed": null, "meas_level": 1, "meas_return": "avg", "header": {"qubit_labels": [["q", 0]], "n_qubits": 1, "qreg_sizes": [["q", 1]], "clbit_labels": [["c", 0]], "memory_slots": 1, "creg_sizes": [["c", 1]], "name": "circuit-389", "global_phase": 0.0, "metadata": {}}, "data": {"counts": null, "snapshots": null, "memory": [[18217476.0, -9927937.0]], "statevector": null, "unitary": null}}, {"shots": 8192, "success": true, "status": null, "seed": null, "meas_level": 1, "meas_return": "avg", "header": {"qubit_labels": [["q", 0]], "n_qubits": 1, "qreg_sizes": [["q", 1]], "clbit_labels": [["c", 0]], "memory_slots": 1, "creg_sizes": [["c", 1]], "name": "circuit-390", "global_phase": 0.0, "metadata": {}}, "data": {"counts": null, "snapshots": null, "memory": [[18075100.0, -10456230.0]], "statevector": null, "unitary": null}}, {"shots": 8192, "success": true, "status": null, "seed": null, "meas_level": 1, "meas_return": "avg", "header": {"qubit_labels": [["q", 0]], "n_qubits": 1, "qreg_sizes": [["q", 1]], "clbit_labels": [["c", 0]], "memory_slots": 1, "creg_sizes": [["c", 1]], "name": "circuit-391", "global_phase": 0.0, "metadata": {}}, "data": {"counts": null, "snapshots": null, "memory": [[18659628.0, -10831424.0]], "statevector": null, "unitary": null}}, {"shots": 8192, "success": true, "status": null, "seed": null, "meas_level": 1, "meas_return": "avg", "header": {"qubit_labels": [["q", 0]], "n_qubits": 1, "qreg_sizes": [["q", 1]], "clbit_labels": [["c", 0]], "memory_slots": 1, "creg_sizes": [["c", 1]], "name": "circuit-392", "global_phase": 0.0, "metadata": {}}, "data": {"counts": null, "snapshots": null, "memory": [[19073836.0, -11763089.0]], "statevector": null, "unitary": null}}, {"shots": 8192, "success": true, "status": null, "seed": null, "meas_level": 1, "meas_return": "avg", "header": {"qubit_labels": [["q", 0]], "n_qubits": 1, "qreg_sizes": [["q", 1]], "clbit_labels": [["c", 0]], "memory_slots": 1, "creg_sizes": [["c", 1]], "name": "circuit-393", "global_phase": 0.0, "metadata": {}}, "data": {"counts": null, "snapshots": null, "memory": [[19555646.0, -12700571.0]], "statevector": null, "unitary": null}}, {"shots": 8192, "success": true, "status": null, "seed": null, "meas_level": 1, "meas_return": "avg", "header": {"qubit_labels": [["q", 0]], "n_qubits": 1, "qreg_sizes": [["q", 1]], "clbit_labels": [["c", 0]], "memory_slots": 1, "creg_sizes": [["c", 1]], "name": "circuit-394", "global_phase": 0.0, "metadata": {}}, "data": {"counts": null, "snapshots": null, "memory": [[19902512.0, -14534502.0]], "statevector": null, "unitary": null}}, {"shots": 8192, "success": true, "status": null, "seed": null, "meas_level": 1, "meas_return": "avg", "header": {"qubit_labels": [["q", 0]], "n_qubits": 1, "qreg_sizes": [["q", 1]], "clbit_labels": [["c", 0]], "memory_slots": 1, "creg_sizes": [["c", 1]], "name": "circuit-395", "global_phase": 0.0, "metadata": {}}, "data": {"counts": null, "snapshots": null, "memory": [[20778020.0, -16074145.0]], "statevector": null, "unitary": null}}, {"shots": 8192, "success": true, "status": null, "seed": null, "meas_level": 1, "meas_return": "avg", "header": {"qubit_labels": [["q", 0]], "n_qubits": 1, "qreg_sizes": [["q", 1]], "clbit_labels": [["c", 0]], "memory_slots": 1, "creg_sizes": [["c", 1]], "name": "circuit-396", "global_phase": 0.0, "metadata": {}}, "data": {"counts": null, "snapshots": null, "memory": [[21494786.0, -17555786.0]], "statevector": null, "unitary": null}}, {"shots": 8192, "success": true, "status": null, "seed": null, "meas_level": 1, "meas_return": "avg", "header": {"qubit_labels": [["q", 0]], "n_qubits": 1, "qreg_sizes": [["q", 1]], "clbit_labels": [["c", 0]], "memory_slots": 1, "creg_sizes": [["c", 1]], "name": "circuit-397", "global_phase": 0.0, "metadata": {}}, "data": {"counts": null, "snapshots": null, "memory": [[22321866.0, -19443324.0]], "statevector": null, "unitary": null}}, {"shots": 8192, "success": true, "status": null, "seed": null, "meas_level": 1, "meas_return": "avg", "header": {"qubit_labels": [["q", 0]], "n_qubits": 1, "qreg_sizes": [["q", 1]], "clbit_labels": [["c", 0]], "memory_slots": 1, "creg_sizes": [["c", 1]], "name": "circuit-398", "global_phase": 0.0, "metadata": {}}, "data": {"counts": null, "snapshots": null, "memory": [[22705530.0, -21326278.0]], "statevector": null, "unitary": null}}, {"shots": 8192, "success": true, "status": null, "seed": null, "meas_level": 1, "meas_return": "avg", "header": {"qubit_labels": [["q", 0]], "n_qubits": 1, "qreg_sizes": [["q", 1]], "clbit_labels": [["c", 0]], "memory_slots": 1, "creg_sizes": [["c", 1]], "name": "circuit-399", "global_phase": 0.0, "metadata": {}}, "data": {"counts": null, "snapshots": null, "memory": [[23625034.0, -22417270.0]], "statevector": null, "unitary": null}}, {"shots": 8192, "success": true, "status": null, "seed": null, "meas_level": 1, "meas_return": "avg", "header": {"qubit_labels": [["q", 0]], "n_qubits": 1, "qreg_sizes": [["q", 1]], "clbit_labels": [["c", 0]], "memory_slots": 1, "creg_sizes": [["c", 1]], "name": "circuit-400", "global_phase": 0.0, "metadata": {}}, "data": {"counts": null, "snapshots": null, "memory": [[24197296.0, -23849052.0]], "statevector": null, "unitary": null}}, {"shots": 8192, "success": true, "status": null, "seed": null, "meas_level": 1, "meas_return": "avg", "header": {"qubit_labels": [["q", 0]], "n_qubits": 1, "qreg_sizes": [["q", 1]], "clbit_labels": [["c", 0]], "memory_slots": 1, "creg_sizes": [["c", 1]], "name": "circuit-401", "global_phase": 0.0, "metadata": {}}, "data": {"counts": null, "snapshots": null, "memory": [[24731660.0, -24810292.0]], "statevector": null, "unitary": null}}, {"shots": 8192, "success": true, "status": null, "seed": null, "meas_level": 1, "meas_return": "avg", "header": {"qubit_labels": [["q", 0]], "n_qubits": 1, "qreg_sizes": [["q", 1]], "clbit_labels": [["c", 0]], "memory_slots": 1, "creg_sizes": [["c", 1]], "name": "circuit-402", "global_phase": 0.0, "metadata": {}}, "data": {"counts": null, "snapshots": null, "memory": [[24755382.0, -25618114.0]], "statevector": null, "unitary": null}}, {"shots": 8192, "success": true, "status": null, "seed": null, "meas_level": 1, "meas_return": "avg", "header": {"qubit_labels": [["q", 0]], "n_qubits": 1, "qreg_sizes": [["q", 1]], "clbit_labels": [["c", 0]], "memory_slots": 1, "creg_sizes": [["c", 1]], "name": "circuit-403", "global_phase": 0.0, "metadata": {}}, "data": {"counts": null, "snapshots": null, "memory": [[25014684.0, -25937144.0]], "statevector": null, "unitary": null}}, {"shots": 8192, "success": true, "status": null, "seed": null, "meas_level": 1, "meas_return": "avg", "header": {"qubit_labels": [["q", 0]], "n_qubits": 1, "qreg_sizes": [["q", 1]], "clbit_labels": [["c", 0]], "memory_slots": 1, "creg_sizes": [["c", 1]], "name": "circuit-404", "global_phase": 0.0, "metadata": {}}, "data": {"counts": null, "snapshots": null, "memory": [[25332894.0, -26267618.0]], "statevector": null, "unitary": null}}, {"shots": 8192, "success": true, "status": null, "seed": null, "meas_level": 1, "meas_return": "avg", "header": {"qubit_labels": [["q", 0]], "n_qubits": 1, "qreg_sizes": [["q", 1]], "clbit_labels": [["c", 0]], "memory_slots": 1, "creg_sizes": [["c", 1]], "name": "circuit-405", "global_phase": 0.0, "metadata": {}}, "data": {"counts": null, "snapshots": null, "memory": [[25041094.0, -25705162.0]], "statevector": null, "unitary": null}}, {"shots": 8192, "success": true, "status": null, "seed": null, "meas_level": 1, "meas_return": "avg", "header": {"qubit_labels": [["q", 0]], "n_qubits": 1, "qreg_sizes": [["q", 1]], "clbit_labels": [["c", 0]], "memory_slots": 1, "creg_sizes": [["c", 1]], "name": "circuit-406", "global_phase": 0.0, "metadata": {}}, "data": {"counts": null, "snapshots": null, "memory": [[24526034.0, -24932384.0]], "statevector": null, "unitary": null}}, {"shots": 8192, "success": true, "status": null, "seed": null, "meas_level": 1, "meas_return": "avg", "header": {"qubit_labels": [["q", 0]], "n_qubits": 1, "qreg_sizes": [["q", 1]], "clbit_labels": [["c", 0]], "memory_slots": 1, "creg_sizes": [["c", 1]], "name": "circuit-407", "global_phase": 0.0, "metadata": {}}, "data": {"counts": null, "snapshots": null, "memory": [[24093876.0, -23835302.0]], "statevector": null, "unitary": null}}, {"shots": 8192, "success": true, "status": null, "seed": null, "meas_level": 1, "meas_return": "avg", "header": {"qubit_labels": [["q", 0]], "n_qubits": 1, "qreg_sizes": [["q", 1]], "clbit_labels": [["c", 0]], "memory_slots": 1, "creg_sizes": [["c", 1]], "name": "circuit-408", "global_phase": 0.0, "metadata": {}}, "data": {"counts": null, "snapshots": null, "memory": [[23734134.0, -22559618.0]], "statevector": null, "unitary": null}}, {"shots": 8192, "success": true, "status": null, "seed": null, "meas_level": 1, "meas_return": "avg", "header": {"qubit_labels": [["q", 0]], "n_qubits": 1, "qreg_sizes": [["q", 1]], "clbit_labels": [["c", 0]], "memory_slots": 1, "creg_sizes": [["c", 1]], "name": "circuit-409", "global_phase": 0.0, "metadata": {}}, "data": {"counts": null, "snapshots": null, "memory": [[22825114.0, -21115508.0]], "statevector": null, "unitary": null}}, {"shots": 8192, "success": true, "status": null, "seed": null, "meas_level": 1, "meas_return": "avg", "header": {"qubit_labels": [["q", 0]], "n_qubits": 1, "qreg_sizes": [["q", 1]], "clbit_labels": [["c", 0]], "memory_slots": 1, "creg_sizes": [["c", 1]], "name": "circuit-410", "global_phase": 0.0, "metadata": {}}, "data": {"counts": null, "snapshots": null, "memory": [[22475388.0, -19541130.0]], "statevector": null, "unitary": null}}, {"shots": 8192, "success": true, "status": null, "seed": null, "meas_level": 1, "meas_return": "avg", "header": {"qubit_labels": [["q", 0]], "n_qubits": 1, "qreg_sizes": [["q", 1]], "clbit_labels": [["c", 0]], "memory_slots": 1, "creg_sizes": [["c", 1]], "name": "circuit-411", "global_phase": 0.0, "metadata": {}}, "data": {"counts": null, "snapshots": null, "memory": [[21942548.0, -17379252.0]], "statevector": null, "unitary": null}}, {"shots": 8192, "success": true, "status": null, "seed": null, "meas_level": 1, "meas_return": "avg", "header": {"qubit_labels": [["q", 0]], "n_qubits": 1, "qreg_sizes": [["q", 1]], "clbit_labels": [["c", 0]], "memory_slots": 1, "creg_sizes": [["c", 1]], "name": "circuit-412", "global_phase": 0.0, "metadata": {}}, "data": {"counts": null, "snapshots": null, "memory": [[20730268.0, -15718675.0]], "statevector": null, "unitary": null}}, {"shots": 8192, "success": true, "status": null, "seed": null, "meas_level": 1, "meas_return": "avg", "header": {"qubit_labels": [["q", 0]], "n_qubits": 1, "qreg_sizes": [["q", 1]], "clbit_labels": [["c", 0]], "memory_slots": 1, "creg_sizes": [["c", 1]], "name": "circuit-413", "global_phase": 0.0, "metadata": {}}, "data": {"counts": null, "snapshots": null, "memory": [[20026842.0, -14597720.0]], "statevector": null, "unitary": null}}, {"shots": 8192, "success": true, "status": null, "seed": null, "meas_level": 1, "meas_return": "avg", "header": {"qubit_labels": [["q", 0]], "n_qubits": 1, "qreg_sizes": [["q", 1]], "clbit_labels": [["c", 0]], "memory_slots": 1, "creg_sizes": [["c", 1]], "name": "circuit-414", "global_phase": 0.0, "metadata": {}}, "data": {"counts": null, "snapshots": null, "memory": [[19285796.0, -12864810.0]], "statevector": null, "unitary": null}}, {"shots": 8192, "success": true, "status": null, "seed": null, "meas_level": 1, "meas_return": "avg", "header": {"qubit_labels": [["q", 0]], "n_qubits": 1, "qreg_sizes": [["q", 1]], "clbit_labels": [["c", 0]], "memory_slots": 1, "creg_sizes": [["c", 1]], "name": "circuit-415", "global_phase": 0.0, "metadata": {}}, "data": {"counts": null, "snapshots": null, "memory": [[19066190.0, -11544895.0]], "statevector": null, "unitary": null}}, {"shots": 8192, "success": true, "status": null, "seed": null, "meas_level": 1, "meas_return": "avg", "header": {"qubit_labels": [["q", 0]], "n_qubits": 1, "qreg_sizes": [["q", 1]], "clbit_labels": [["c", 0]], "memory_slots": 1, "creg_sizes": [["c", 1]], "name": "circuit-416", "global_phase": 0.0, "metadata": {}}, "data": {"counts": null, "snapshots": null, "memory": [[18489608.0, -10377332.0]], "statevector": null, "unitary": null}}, {"shots": 8192, "success": true, "status": null, "seed": null, "meas_level": 1, "meas_return": "avg", "header": {"qubit_labels": [["q", 0]], "n_qubits": 1, "qreg_sizes": [["q", 1]], "clbit_labels": [["c", 0]], "memory_slots": 1, "creg_sizes": [["c", 1]], "name": "circuit-417", "global_phase": 0.0, "metadata": {}}, "data": {"counts": null, "snapshots": null, "memory": [[18170802.0, -10094148.0]], "statevector": null, "unitary": null}}, {"shots": 8192, "success": true, "status": null, "seed": null, "meas_level": 1, "meas_return": "avg", "header": {"qubit_labels": [["q", 0]], "n_qubits": 1, "qreg_sizes": [["q", 1]], "clbit_labels": [["c", 0]], "memory_slots": 1, "creg_sizes": [["c", 1]], "name": "circuit-418", "global_phase": 0.0, "metadata": {}}, "data": {"counts": null, "snapshots": null, "memory": [[18196680.0, -9839357.0]], "statevector": null, "unitary": null}}, {"shots": 8192, "success": true, "status": null, "seed": null, "meas_level": 1, "meas_return": "avg", "header": {"qubit_labels": [["q", 0]], "n_qubits": 1, "qreg_sizes": [["q", 1]], "clbit_labels": [["c", 0]], "memory_slots": 1, "creg_sizes": [["c", 1]], "name": "circuit-419", "global_phase": 0.0, "metadata": {}}, "data": {"counts": null, "snapshots": null, "memory": [[17769752.0, -9636200.0]], "statevector": null, "unitary": null}}, {"shots": 8192, "success": true, "status": null, "seed": null, "meas_level": 1, "meas_return": "avg", "header": {"qubit_labels": [["q", 0]], "n_qubits": 1, "qreg_sizes": [["q", 1]], "clbit_labels": [["c", 0]], "memory_slots": 1, "creg_sizes": [["c", 1]], "name": "circuit-420", "global_phase": 0.0, "metadata": {}}, "data": {"counts": null, "snapshots": null, "memory": [[18186800.0, -9647349.0]], "statevector": null, "unitary": null}}, {"shots": 8192, "success": true, "status": null, "seed": null, "meas_level": 1, "meas_return": "avg", "header": {"qubit_labels": [["q", 0]], "n_qubits": 1, "qreg_sizes": [["q", 1]], "clbit_labels": [["c", 0]], "memory_slots": 1, "creg_sizes": [["c", 1]], "name": "circuit-421", "global_phase": 0.0, "metadata": {}}, "data": {"counts": null, "snapshots": null, "memory": [[17987300.0, -9950189.0]], "statevector": null, "unitary": null}}, {"shots": 8192, "success": true, "status": null, "seed": null, "meas_level": 1, "meas_return": "avg", "header": {"qubit_labels": [["q", 0]], "n_qubits": 1, "qreg_sizes": [["q", 1]], "clbit_labels": [["c", 0]], "memory_slots": 1, "creg_sizes": [["c", 1]], "name": "circuit-422", "global_phase": 0.0, "metadata": {}}, "data": {"counts": null, "snapshots": null, "memory": [[18365220.0, -11045251.0]], "statevector": null, "unitary": null}}, {"shots": 8192, "success": true, "status": null, "seed": null, "meas_level": 1, "meas_return": "avg", "header": {"qubit_labels": [["q", 0]], "n_qubits": 1, "qreg_sizes": [["q", 1]], "clbit_labels": [["c", 0]], "memory_slots": 1, "creg_sizes": [["c", 1]], "name": "circuit-423", "global_phase": 0.0, "metadata": {}}, "data": {"counts": null, "snapshots": null, "memory": [[19357314.0, -11822926.0]], "statevector": null, "unitary": null}}, {"shots": 8192, "success": true, "status": null, "seed": null, "meas_level": 1, "meas_return": "avg", "header": {"qubit_labels": [["q", 0]], "n_qubits": 1, "qreg_sizes": [["q", 1]], "clbit_labels": [["c", 0]], "memory_slots": 1, "creg_sizes": [["c", 1]], "name": "circuit-424", "global_phase": 0.0, "metadata": {}}, "data": {"counts": null, "snapshots": null, "memory": [[19533362.0, -12901937.0]], "statevector": null, "unitary": null}}, {"shots": 8192, "success": true, "status": null, "seed": null, "meas_level": 1, "meas_return": "avg", "header": {"qubit_labels": [["q", 0]], "n_qubits": 1, "qreg_sizes": [["q", 1]], "clbit_labels": [["c", 0]], "memory_slots": 1, "creg_sizes": [["c", 1]], "name": "circuit-425", "global_phase": 0.0, "metadata": {}}, "data": {"counts": null, "snapshots": null, "memory": [[20042062.0, -14496271.0]], "statevector": null, "unitary": null}}, {"shots": 8192, "success": true, "status": null, "seed": null, "meas_level": 1, "meas_return": "avg", "header": {"qubit_labels": [["q", 0]], "n_qubits": 1, "qreg_sizes": [["q", 1]], "clbit_labels": [["c", 0]], "memory_slots": 1, "creg_sizes": [["c", 1]], "name": "circuit-426", "global_phase": 0.0, "metadata": {}}, "data": {"counts": null, "snapshots": null, "memory": [[20541844.0, -16089431.0]], "statevector": null, "unitary": null}}, {"shots": 8192, "success": true, "status": null, "seed": null, "meas_level": 1, "meas_return": "avg", "header": {"qubit_labels": [["q", 0]], "n_qubits": 1, "qreg_sizes": [["q", 1]], "clbit_labels": [["c", 0]], "memory_slots": 1, "creg_sizes": [["c", 1]], "name": "circuit-427", "global_phase": 0.0, "metadata": {}}, "data": {"counts": null, "snapshots": null, "memory": [[21686616.0, -17322622.0]], "statevector": null, "unitary": null}}, {"shots": 8192, "success": true, "status": null, "seed": null, "meas_level": 1, "meas_return": "avg", "header": {"qubit_labels": [["q", 0]], "n_qubits": 1, "qreg_sizes": [["q", 1]], "clbit_labels": [["c", 0]], "memory_slots": 1, "creg_sizes": [["c", 1]], "name": "circuit-428", "global_phase": 0.0, "metadata": {}}, "data": {"counts": null, "snapshots": null, "memory": [[22172956.0, -19311326.0]], "statevector": null, "unitary": null}}, {"shots": 8192, "success": true, "status": null, "seed": null, "meas_level": 1, "meas_return": "avg", "header": {"qubit_labels": [["q", 0]], "n_qubits": 1, "qreg_sizes": [["q", 1]], "clbit_labels": [["c", 0]], "memory_slots": 1, "creg_sizes": [["c", 1]], "name": "circuit-429", "global_phase": 0.0, "metadata": {}}, "data": {"counts": null, "snapshots": null, "memory": [[22918600.0, -20790826.0]], "statevector": null, "unitary": null}}, {"shots": 8192, "success": true, "status": null, "seed": null, "meas_level": 1, "meas_return": "avg", "header": {"qubit_labels": [["q", 0]], "n_qubits": 1, "qreg_sizes": [["q", 1]], "clbit_labels": [["c", 0]], "memory_slots": 1, "creg_sizes": [["c", 1]], "name": "circuit-430", "global_phase": 0.0, "metadata": {}}, "data": {"counts": null, "snapshots": null, "memory": [[23473438.0, -22279422.0]], "statevector": null, "unitary": null}}, {"shots": 8192, "success": true, "status": null, "seed": null, "meas_level": 1, "meas_return": "avg", "header": {"qubit_labels": [["q", 0]], "n_qubits": 1, "qreg_sizes": [["q", 1]], "clbit_labels": [["c", 0]], "memory_slots": 1, "creg_sizes": [["c", 1]], "name": "circuit-431", "global_phase": 0.0, "metadata": {}}, "data": {"counts": null, "snapshots": null, "memory": [[24222618.0, -23680280.0]], "statevector": null, "unitary": null}}, {"shots": 8192, "success": true, "status": null, "seed": null, "meas_level": 1, "meas_return": "avg", "header": {"qubit_labels": [["q", 0]], "n_qubits": 1, "qreg_sizes": [["q", 1]], "clbit_labels": [["c", 0]], "memory_slots": 1, "creg_sizes": [["c", 1]], "name": "circuit-432", "global_phase": 0.0, "metadata": {}}, "data": {"counts": null, "snapshots": null, "memory": [[24320788.0, -24775284.0]], "statevector": null, "unitary": null}}, {"shots": 8192, "success": true, "status": null, "seed": null, "meas_level": 1, "meas_return": "avg", "header": {"qubit_labels": [["q", 0]], "n_qubits": 1, "qreg_sizes": [["q", 1]], "clbit_labels": [["c", 0]], "memory_slots": 1, "creg_sizes": [["c", 1]], "name": "circuit-433", "global_phase": 0.0, "metadata": {}}, "data": {"counts": null, "snapshots": null, "memory": [[24834136.0, -25503792.0]], "statevector": null, "unitary": null}}, {"shots": 8192, "success": true, "status": null, "seed": null, "meas_level": 1, "meas_return": "avg", "header": {"qubit_labels": [["q", 0]], "n_qubits": 1, "qreg_sizes": [["q", 1]], "clbit_labels": [["c", 0]], "memory_slots": 1, "creg_sizes": [["c", 1]], "name": "circuit-434", "global_phase": 0.0, "metadata": {}}, "data": {"counts": null, "snapshots": null, "memory": [[24918686.0, -25924858.0]], "statevector": null, "unitary": null}}, {"shots": 8192, "success": true, "status": null, "seed": null, "meas_level": 1, "meas_return": "avg", "header": {"qubit_labels": [["q", 0]], "n_qubits": 1, "qreg_sizes": [["q", 1]], "clbit_labels": [["c", 0]], "memory_slots": 1, "creg_sizes": [["c", 1]], "name": "circuit-435", "global_phase": 0.0, "metadata": {}}, "data": {"counts": null, "snapshots": null, "memory": [[25037438.0, -26390120.0]], "statevector": null, "unitary": null}}, {"shots": 8192, "success": true, "status": null, "seed": null, "meas_level": 1, "meas_return": "avg", "header": {"qubit_labels": [["q", 0]], "n_qubits": 1, "qreg_sizes": [["q", 1]], "clbit_labels": [["c", 0]], "memory_slots": 1, "creg_sizes": [["c", 1]], "name": "circuit-436", "global_phase": 0.0, "metadata": {}}, "data": {"counts": null, "snapshots": null, "memory": [[25002364.0, -25746928.0]], "statevector": null, "unitary": null}}, {"shots": 8192, "success": true, "status": null, "seed": null, "meas_level": 1, "meas_return": "avg", "header": {"qubit_labels": [["q", 0]], "n_qubits": 1, "qreg_sizes": [["q", 1]], "clbit_labels": [["c", 0]], "memory_slots": 1, "creg_sizes": [["c", 1]], "name": "circuit-437", "global_phase": 0.0, "metadata": {}}, "data": {"counts": null, "snapshots": null, "memory": [[24965774.0, -25370430.0]], "statevector": null, "unitary": null}}, {"shots": 8192, "success": true, "status": null, "seed": null, "meas_level": 1, "meas_return": "avg", "header": {"qubit_labels": [["q", 0]], "n_qubits": 1, "qreg_sizes": [["q", 1]], "clbit_labels": [["c", 0]], "memory_slots": 1, "creg_sizes": [["c", 1]], "name": "circuit-438", "global_phase": 0.0, "metadata": {}}, "data": {"counts": null, "snapshots": null, "memory": [[24074196.0, -24080180.0]], "statevector": null, "unitary": null}}, {"shots": 8192, "success": true, "status": null, "seed": null, "meas_level": 1, "meas_return": "avg", "header": {"qubit_labels": [["q", 0]], "n_qubits": 1, "qreg_sizes": [["q", 1]], "clbit_labels": [["c", 0]], "memory_slots": 1, "creg_sizes": [["c", 1]], "name": "circuit-439", "global_phase": 0.0, "metadata": {}}, "data": {"counts": null, "snapshots": null, "memory": [[23598766.0, -22911162.0]], "statevector": null, "unitary": null}}, {"shots": 8192, "success": true, "status": null, "seed": null, "meas_level": 1, "meas_return": "avg", "header": {"qubit_labels": [["q", 0]], "n_qubits": 1, "qreg_sizes": [["q", 1]], "clbit_labels": [["c", 0]], "memory_slots": 1, "creg_sizes": [["c", 1]], "name": "circuit-440", "global_phase": 0.0, "metadata": {}}, "data": {"counts": null, "snapshots": null, "memory": [[23063156.0, -21590030.0]], "statevector": null, "unitary": null}}, {"shots": 8192, "success": true, "status": null, "seed": null, "meas_level": 1, "meas_return": "avg", "header": {"qubit_labels": [["q", 0]], "n_qubits": 1, "qreg_sizes": [["q", 1]], "clbit_labels": [["c", 0]], "memory_slots": 1, "creg_sizes": [["c", 1]], "name": "circuit-441", "global_phase": 0.0, "metadata": {}}, "data": {"counts": null, "snapshots": null, "memory": [[22323538.0, -20184314.0]], "statevector": null, "unitary": null}}, {"shots": 8192, "success": true, "status": null, "seed": null, "meas_level": 1, "meas_return": "avg", "header": {"qubit_labels": [["q", 0]], "n_qubits": 1, "qreg_sizes": [["q", 1]], "clbit_labels": [["c", 0]], "memory_slots": 1, "creg_sizes": [["c", 1]], "name": "circuit-442", "global_phase": 0.0, "metadata": {}}, "data": {"counts": null, "snapshots": null, "memory": [[21875390.0, -18149296.0]], "statevector": null, "unitary": null}}, {"shots": 8192, "success": true, "status": null, "seed": null, "meas_level": 1, "meas_return": "avg", "header": {"qubit_labels": [["q", 0]], "n_qubits": 1, "qreg_sizes": [["q", 1]], "clbit_labels": [["c", 0]], "memory_slots": 1, "creg_sizes": [["c", 1]], "name": "circuit-443", "global_phase": 0.0, "metadata": {}}, "data": {"counts": null, "snapshots": null, "memory": [[21311652.0, -16865918.0]], "statevector": null, "unitary": null}}, {"shots": 8192, "success": true, "status": null, "seed": null, "meas_level": 1, "meas_return": "avg", "header": {"qubit_labels": [["q", 0]], "n_qubits": 1, "qreg_sizes": [["q", 1]], "clbit_labels": [["c", 0]], "memory_slots": 1, "creg_sizes": [["c", 1]], "name": "circuit-444", "global_phase": 0.0, "metadata": {}}, "data": {"counts": null, "snapshots": null, "memory": [[20566332.0, -15188590.0]], "statevector": null, "unitary": null}}, {"shots": 8192, "success": true, "status": null, "seed": null, "meas_level": 1, "meas_return": "avg", "header": {"qubit_labels": [["q", 0]], "n_qubits": 1, "qreg_sizes": [["q", 1]], "clbit_labels": [["c", 0]], "memory_slots": 1, "creg_sizes": [["c", 1]], "name": "circuit-445", "global_phase": 0.0, "metadata": {}}, "data": {"counts": null, "snapshots": null, "memory": [[19753450.0, -13567462.0]], "statevector": null, "unitary": null}}, {"shots": 8192, "success": true, "status": null, "seed": null, "meas_level": 1, "meas_return": "avg", "header": {"qubit_labels": [["q", 0]], "n_qubits": 1, "qreg_sizes": [["q", 1]], "clbit_labels": [["c", 0]], "memory_slots": 1, "creg_sizes": [["c", 1]], "name": "circuit-446", "global_phase": 0.0, "metadata": {}}, "data": {"counts": null, "snapshots": null, "memory": [[19193718.0, -12391373.0]], "statevector": null, "unitary": null}}, {"shots": 8192, "success": true, "status": null, "seed": null, "meas_level": 1, "meas_return": "avg", "header": {"qubit_labels": [["q", 0]], "n_qubits": 1, "qreg_sizes": [["q", 1]], "clbit_labels": [["c", 0]], "memory_slots": 1, "creg_sizes": [["c", 1]], "name": "circuit-447", "global_phase": 0.0, "metadata": {}}, "data": {"counts": null, "snapshots": null, "memory": [[18711638.0, -11520879.0]], "statevector": null, "unitary": null}}, {"shots": 8192, "success": true, "status": null, "seed": null, "meas_level": 1, "meas_return": "avg", "header": {"qubit_labels": [["q", 0]], "n_qubits": 1, "qreg_sizes": [["q", 1]], "clbit_labels": [["c", 0]], "memory_slots": 1, "creg_sizes": [["c", 1]], "name": "circuit-448", "global_phase": 0.0, "metadata": {}}, "data": {"counts": null, "snapshots": null, "memory": [[18505530.0, -10263416.0]], "statevector": null, "unitary": null}}, {"shots": 8192, "success": true, "status": null, "seed": null, "meas_level": 1, "meas_return": "avg", "header": {"qubit_labels": [["q", 0]], "n_qubits": 1, "qreg_sizes": [["q", 1]], "clbit_labels": [["c", 0]], "memory_slots": 1, "creg_sizes": [["c", 1]], "name": "circuit-449", "global_phase": 0.0, "metadata": {}}, "data": {"counts": null, "snapshots": null, "memory": [[18000024.0, -10090451.0]], "statevector": null, "unitary": null}}, {"shots": 8192, "success": true, "status": null, "seed": null, "meas_level": 1, "meas_return": "avg", "header": {"qubit_labels": [["q", 0]], "n_qubits": 1, "qreg_sizes": [["q", 1]], "clbit_labels": [["c", 0]], "memory_slots": 1, "creg_sizes": [["c", 1]], "name": "circuit-450", "global_phase": 0.0, "metadata": {}}, "data": {"counts": null, "snapshots": null, "memory": [[17923760.0, -9283696.0]], "statevector": null, "unitary": null}}, {"shots": 8192, "success": true, "status": null, "seed": null, "meas_level": 1, "meas_return": "avg", "header": {"qubit_labels": [["q", 0]], "n_qubits": 1, "qreg_sizes": [["q", 1]], "clbit_labels": [["c", 0]], "memory_slots": 1, "creg_sizes": [["c", 1]], "name": "circuit-451", "global_phase": 0.0, "metadata": {}}, "data": {"counts": null, "snapshots": null, "memory": [[17895296.0, -9618658.0]], "statevector": null, "unitary": null}}, {"shots": 8192, "success": true, "status": null, "seed": null, "meas_level": 1, "meas_return": "avg", "header": {"qubit_labels": [["q", 0]], "n_qubits": 1, "qreg_sizes": [["q", 1]], "clbit_labels": [["c", 0]], "memory_slots": 1, "creg_sizes": [["c", 1]], "name": "circuit-452", "global_phase": 0.0, "metadata": {}}, "data": {"counts": null, "snapshots": null, "memory": [[17896346.0, -9768850.0]], "statevector": null, "unitary": null}}, {"shots": 8192, "success": true, "status": null, "seed": null, "meas_level": 1, "meas_return": "avg", "header": {"qubit_labels": [["q", 0]], "n_qubits": 1, "qreg_sizes": [["q", 1]], "clbit_labels": [["c", 0]], "memory_slots": 1, "creg_sizes": [["c", 1]], "name": "circuit-453", "global_phase": 0.0, "metadata": {}}, "data": {"counts": null, "snapshots": null, "memory": [[18602638.0, -10291224.0]], "statevector": null, "unitary": null}}, {"shots": 8192, "success": true, "status": null, "seed": null, "meas_level": 1, "meas_return": "avg", "header": {"qubit_labels": [["q", 0]], "n_qubits": 1, "qreg_sizes": [["q", 1]], "clbit_labels": [["c", 0]], "memory_slots": 1, "creg_sizes": [["c", 1]], "name": "circuit-454", "global_phase": 0.0, "metadata": {}}, "data": {"counts": null, "snapshots": null, "memory": [[18801478.0, -11152774.0]], "statevector": null, "unitary": null}}, {"shots": 8192, "success": true, "status": null, "seed": null, "meas_level": 1, "meas_return": "avg", "header": {"qubit_labels": [["q", 0]], "n_qubits": 1, "qreg_sizes": [["q", 1]], "clbit_labels": [["c", 0]], "memory_slots": 1, "creg_sizes": [["c", 1]], "name": "circuit-455", "global_phase": 0.0, "metadata": {}}, "data": {"counts": null, "snapshots": null, "memory": [[19278830.0, -12118901.0]], "statevector": null, "unitary": null}}, {"shots": 8192, "success": true, "status": null, "seed": null, "meas_level": 1, "meas_return": "avg", "header": {"qubit_labels": [["q", 0]], "n_qubits": 1, "qreg_sizes": [["q", 1]], "clbit_labels": [["c", 0]], "memory_slots": 1, "creg_sizes": [["c", 1]], "name": "circuit-456", "global_phase": 0.0, "metadata": {}}, "data": {"counts": null, "snapshots": null, "memory": [[19422654.0, -13026403.0]], "statevector": null, "unitary": null}}, {"shots": 8192, "success": true, "status": null, "seed": null, "meas_level": 1, "meas_return": "avg", "header": {"qubit_labels": [["q", 0]], "n_qubits": 1, "qreg_sizes": [["q", 1]], "clbit_labels": [["c", 0]], "memory_slots": 1, "creg_sizes": [["c", 1]], "name": "circuit-457", "global_phase": 0.0, "metadata": {}}, "data": {"counts": null, "snapshots": null, "memory": [[20011358.0, -14186299.0]], "statevector": null, "unitary": null}}, {"shots": 8192, "success": true, "status": null, "seed": null, "meas_level": 1, "meas_return": "avg", "header": {"qubit_labels": [["q", 0]], "n_qubits": 1, "qreg_sizes": [["q", 1]], "clbit_labels": [["c", 0]], "memory_slots": 1, "creg_sizes": [["c", 1]], "name": "circuit-458", "global_phase": 0.0, "metadata": {}}, "data": {"counts": null, "snapshots": null, "memory": [[20710678.0, -16026804.0]], "statevector": null, "unitary": null}}, {"shots": 8192, "success": true, "status": null, "seed": null, "meas_level": 1, "meas_return": "avg", "header": {"qubit_labels": [["q", 0]], "n_qubits": 1, "qreg_sizes": [["q", 1]], "clbit_labels": [["c", 0]], "memory_slots": 1, "creg_sizes": [["c", 1]], "name": "circuit-459", "global_phase": 0.0, "metadata": {}}, "data": {"counts": null, "snapshots": null, "memory": [[21387170.0, -17496560.0]], "statevector": null, "unitary": null}}, {"shots": 8192, "success": true, "status": null, "seed": null, "meas_level": 1, "meas_return": "avg", "header": {"qubit_labels": [["q", 0]], "n_qubits": 1, "qreg_sizes": [["q", 1]], "clbit_labels": [["c", 0]], "memory_slots": 1, "creg_sizes": [["c", 1]], "name": "circuit-460", "global_phase": 0.0, "metadata": {}}, "data": {"counts": null, "snapshots": null, "memory": [[22475214.0, -18898188.0]], "statevector": null, "unitary": null}}, {"shots": 8192, "success": true, "status": null, "seed": null, "meas_level": 1, "meas_return": "avg", "header": {"qubit_labels": [["q", 0]], "n_qubits": 1, "qreg_sizes": [["q", 1]], "clbit_labels": [["c", 0]], "memory_slots": 1, "creg_sizes": [["c", 1]], "name": "circuit-461", "global_phase": 0.0, "metadata": {}}, "data": {"counts": null, "snapshots": null, "memory": [[22671004.0, -20745132.0]], "statevector": null, "unitary": null}}, {"shots": 8192, "success": true, "status": null, "seed": null, "meas_level": 1, "meas_return": "avg", "header": {"qubit_labels": [["q", 0]], "n_qubits": 1, "qreg_sizes": [["q", 1]], "clbit_labels": [["c", 0]], "memory_slots": 1, "creg_sizes": [["c", 1]], "name": "circuit-462", "global_phase": 0.0, "metadata": {}}, "data": {"counts": null, "snapshots": null, "memory": [[23338324.0, -22085182.0]], "statevector": null, "unitary": null}}, {"shots": 8192, "success": true, "status": null, "seed": null, "meas_level": 1, "meas_return": "avg", "header": {"qubit_labels": [["q", 0]], "n_qubits": 1, "qreg_sizes": [["q", 1]], "clbit_labels": [["c", 0]], "memory_slots": 1, "creg_sizes": [["c", 1]], "name": "circuit-463", "global_phase": 0.0, "metadata": {}}, "data": {"counts": null, "snapshots": null, "memory": [[24000854.0, -23369746.0]], "statevector": null, "unitary": null}}, {"shots": 8192, "success": true, "status": null, "seed": null, "meas_level": 1, "meas_return": "avg", "header": {"qubit_labels": [["q", 0]], "n_qubits": 1, "qreg_sizes": [["q", 1]], "clbit_labels": [["c", 0]], "memory_slots": 1, "creg_sizes": [["c", 1]], "name": "circuit-464", "global_phase": 0.0, "metadata": {}}, "data": {"counts": null, "snapshots": null, "memory": [[24234262.0, -24458866.0]], "statevector": null, "unitary": null}}, {"shots": 8192, "success": true, "status": null, "seed": null, "meas_level": 1, "meas_return": "avg", "header": {"qubit_labels": [["q", 0]], "n_qubits": 1, "qreg_sizes": [["q", 1]], "clbit_labels": [["c", 0]], "memory_slots": 1, "creg_sizes": [["c", 1]], "name": "circuit-465", "global_phase": 0.0, "metadata": {}}, "data": {"counts": null, "snapshots": null, "memory": [[24716974.0, -25307590.0]], "statevector": null, "unitary": null}}, {"shots": 8192, "success": true, "status": null, "seed": null, "meas_level": 1, "meas_return": "avg", "header": {"qubit_labels": [["q", 0]], "n_qubits": 1, "qreg_sizes": [["q", 1]], "clbit_labels": [["c", 0]], "memory_slots": 1, "creg_sizes": [["c", 1]], "name": "circuit-466", "global_phase": 0.0, "metadata": {}}, "data": {"counts": null, "snapshots": null, "memory": [[25073932.0, -25822486.0]], "statevector": null, "unitary": null}}, {"shots": 8192, "success": true, "status": null, "seed": null, "meas_level": 1, "meas_return": "avg", "header": {"qubit_labels": [["q", 0]], "n_qubits": 1, "qreg_sizes": [["q", 1]], "clbit_labels": [["c", 0]], "memory_slots": 1, "creg_sizes": [["c", 1]], "name": "circuit-467", "global_phase": 0.0, "metadata": {}}, "data": {"counts": null, "snapshots": null, "memory": [[25372906.0, -26300382.0]], "statevector": null, "unitary": null}}, {"shots": 8192, "success": true, "status": null, "seed": null, "meas_level": 1, "meas_return": "avg", "header": {"qubit_labels": [["q", 0]], "n_qubits": 1, "qreg_sizes": [["q", 1]], "clbit_labels": [["c", 0]], "memory_slots": 1, "creg_sizes": [["c", 1]], "name": "circuit-468", "global_phase": 0.0, "metadata": {}}, "data": {"counts": null, "snapshots": null, "memory": [[25041788.0, -25898512.0]], "statevector": null, "unitary": null}}, {"shots": 8192, "success": true, "status": null, "seed": null, "meas_level": 1, "meas_return": "avg", "header": {"qubit_labels": [["q", 0]], "n_qubits": 1, "qreg_sizes": [["q", 1]], "clbit_labels": [["c", 0]], "memory_slots": 1, "creg_sizes": [["c", 1]], "name": "circuit-469", "global_phase": 0.0, "metadata": {}}, "data": {"counts": null, "snapshots": null, "memory": [[25186290.0, -25469500.0]], "statevector": null, "unitary": null}}, {"shots": 8192, "success": true, "status": null, "seed": null, "meas_level": 1, "meas_return": "avg", "header": {"qubit_labels": [["q", 0]], "n_qubits": 1, "qreg_sizes": [["q", 1]], "clbit_labels": [["c", 0]], "memory_slots": 1, "creg_sizes": [["c", 1]], "name": "circuit-470", "global_phase": 0.0, "metadata": {}}, "data": {"counts": null, "snapshots": null, "memory": [[24818026.0, -24696732.0]], "statevector": null, "unitary": null}}, {"shots": 8192, "success": true, "status": null, "seed": null, "meas_level": 1, "meas_return": "avg", "header": {"qubit_labels": [["q", 0]], "n_qubits": 1, "qreg_sizes": [["q", 1]], "clbit_labels": [["c", 0]], "memory_slots": 1, "creg_sizes": [["c", 1]], "name": "circuit-471", "global_phase": 0.0, "metadata": {}}, "data": {"counts": null, "snapshots": null, "memory": [[24245944.0, -23792358.0]], "statevector": null, "unitary": null}}, {"shots": 8192, "success": true, "status": null, "seed": null, "meas_level": 1, "meas_return": "avg", "header": {"qubit_labels": [["q", 0]], "n_qubits": 1, "qreg_sizes": [["q", 1]], "clbit_labels": [["c", 0]], "memory_slots": 1, "creg_sizes": [["c", 1]], "name": "circuit-472", "global_phase": 0.0, "metadata": {}}, "data": {"counts": null, "snapshots": null, "memory": [[23719158.0, -22482284.0]], "statevector": null, "unitary": null}}, {"shots": 8192, "success": true, "status": null, "seed": null, "meas_level": 1, "meas_return": "avg", "header": {"qubit_labels": [["q", 0]], "n_qubits": 1, "qreg_sizes": [["q", 1]], "clbit_labels": [["c", 0]], "memory_slots": 1, "creg_sizes": [["c", 1]], "name": "circuit-473", "global_phase": 0.0, "metadata": {}}, "data": {"counts": null, "snapshots": null, "memory": [[23029542.0, -21277346.0]], "statevector": null, "unitary": null}}, {"shots": 8192, "success": true, "status": null, "seed": null, "meas_level": 1, "meas_return": "avg", "header": {"qubit_labels": [["q", 0]], "n_qubits": 1, "qreg_sizes": [["q", 1]], "clbit_labels": [["c", 0]], "memory_slots": 1, "creg_sizes": [["c", 1]], "name": "circuit-474", "global_phase": 0.0, "metadata": {}}, "data": {"counts": null, "snapshots": null, "memory": [[22270000.0, -19502392.0]], "statevector": null, "unitary": null}}, {"shots": 8192, "success": true, "status": null, "seed": null, "meas_level": 1, "meas_return": "avg", "header": {"qubit_labels": [["q", 0]], "n_qubits": 1, "qreg_sizes": [["q", 1]], "clbit_labels": [["c", 0]], "memory_slots": 1, "creg_sizes": [["c", 1]], "name": "circuit-475", "global_phase": 0.0, "metadata": {}}, "data": {"counts": null, "snapshots": null, "memory": [[21654796.0, -18096700.0]], "statevector": null, "unitary": null}}, {"shots": 8192, "success": true, "status": null, "seed": null, "meas_level": 1, "meas_return": "avg", "header": {"qubit_labels": [["q", 0]], "n_qubits": 1, "qreg_sizes": [["q", 1]], "clbit_labels": [["c", 0]], "memory_slots": 1, "creg_sizes": [["c", 1]], "name": "circuit-476", "global_phase": 0.0, "metadata": {}}, "data": {"counts": null, "snapshots": null, "memory": [[21131126.0, -16347034.0]], "statevector": null, "unitary": null}}, {"shots": 8192, "success": true, "status": null, "seed": null, "meas_level": 1, "meas_return": "avg", "header": {"qubit_labels": [["q", 0]], "n_qubits": 1, "qreg_sizes": [["q", 1]], "clbit_labels": [["c", 0]], "memory_slots": 1, "creg_sizes": [["c", 1]], "name": "circuit-477", "global_phase": 0.0, "metadata": {}}, "data": {"counts": null, "snapshots": null, "memory": [[20030716.0, -15012740.0]], "statevector": null, "unitary": null}}, {"shots": 8192, "success": true, "status": null, "seed": null, "meas_level": 1, "meas_return": "avg", "header": {"qubit_labels": [["q", 0]], "n_qubits": 1, "qreg_sizes": [["q", 1]], "clbit_labels": [["c", 0]], "memory_slots": 1, "creg_sizes": [["c", 1]], "name": "circuit-478", "global_phase": 0.0, "metadata": {}}, "data": {"counts": null, "snapshots": null, "memory": [[19611922.0, -13684897.0]], "statevector": null, "unitary": null}}, {"shots": 8192, "success": true, "status": null, "seed": null, "meas_level": 1, "meas_return": "avg", "header": {"qubit_labels": [["q", 0]], "n_qubits": 1, "qreg_sizes": [["q", 1]], "clbit_labels": [["c", 0]], "memory_slots": 1, "creg_sizes": [["c", 1]], "name": "circuit-479", "global_phase": 0.0, "metadata": {}}, "data": {"counts": null, "snapshots": null, "memory": [[19226060.0, -12617707.0]], "statevector": null, "unitary": null}}, {"shots": 8192, "success": true, "status": null, "seed": null, "meas_level": 1, "meas_return": "avg", "header": {"qubit_labels": [["q", 0]], "n_qubits": 1, "qreg_sizes": [["q", 1]], "clbit_labels": [["c", 0]], "memory_slots": 1, "creg_sizes": [["c", 1]], "name": "circuit-480", "global_phase": 0.0, "metadata": {}}, "data": {"counts": null, "snapshots": null, "memory": [[18871662.0, -11407176.0]], "statevector": null, "unitary": null}}, {"shots": 8192, "success": true, "status": null, "seed": null, "meas_level": 1, "meas_return": "avg", "header": {"qubit_labels": [["q", 0]], "n_qubits": 1, "qreg_sizes": [["q", 1]], "clbit_labels": [["c", 0]], "memory_slots": 1, "creg_sizes": [["c", 1]], "name": "circuit-481", "global_phase": 0.0, "metadata": {}}, "data": {"counts": null, "snapshots": null, "memory": [[18462886.0, -10529489.0]], "statevector": null, "unitary": null}}, {"shots": 8192, "success": true, "status": null, "seed": null, "meas_level": 1, "meas_return": "avg", "header": {"qubit_labels": [["q", 0]], "n_qubits": 1, "qreg_sizes": [["q", 1]], "clbit_labels": [["c", 0]], "memory_slots": 1, "creg_sizes": [["c", 1]], "name": "circuit-482", "global_phase": 0.0, "metadata": {}}, "data": {"counts": null, "snapshots": null, "memory": [[18292342.0, -10380421.0]], "statevector": null, "unitary": null}}, {"shots": 8192, "success": true, "status": null, "seed": null, "meas_level": 1, "meas_return": "avg", "header": {"qubit_labels": [["q", 0]], "n_qubits": 1, "qreg_sizes": [["q", 1]], "clbit_labels": [["c", 0]], "memory_slots": 1, "creg_sizes": [["c", 1]], "name": "circuit-483", "global_phase": 0.0, "metadata": {}}, "data": {"counts": null, "snapshots": null, "memory": [[17751206.0, -9623896.0]], "statevector": null, "unitary": null}}, {"shots": 8192, "success": true, "status": null, "seed": null, "meas_level": 1, "meas_return": "avg", "header": {"qubit_labels": [["q", 0]], "n_qubits": 1, "qreg_sizes": [["q", 1]], "clbit_labels": [["c", 0]], "memory_slots": 1, "creg_sizes": [["c", 1]], "name": "circuit-484", "global_phase": 0.0, "metadata": {}}, "data": {"counts": null, "snapshots": null, "memory": [[17808424.0, -9311390.0]], "statevector": null, "unitary": null}}, {"shots": 8192, "success": true, "status": null, "seed": null, "meas_level": 1, "meas_return": "avg", "header": {"qubit_labels": [["q", 0]], "n_qubits": 1, "qreg_sizes": [["q", 1]], "clbit_labels": [["c", 0]], "memory_slots": 1, "creg_sizes": [["c", 1]], "name": "circuit-485", "global_phase": 0.0, "metadata": {}}, "data": {"counts": null, "snapshots": null, "memory": [[17815268.0, -9781383.0]], "statevector": null, "unitary": null}}, {"shots": 8192, "success": true, "status": null, "seed": null, "meas_level": 1, "meas_return": "avg", "header": {"qubit_labels": [["q", 0]], "n_qubits": 1, "qreg_sizes": [["q", 1]], "clbit_labels": [["c", 0]], "memory_slots": 1, "creg_sizes": [["c", 1]], "name": "circuit-486", "global_phase": 0.0, "metadata": {}}, "data": {"counts": null, "snapshots": null, "memory": [[18164188.0, -9983973.0]], "statevector": null, "unitary": null}}, {"shots": 8192, "success": true, "status": null, "seed": null, "meas_level": 1, "meas_return": "avg", "header": {"qubit_labels": [["q", 0]], "n_qubits": 1, "qreg_sizes": [["q", 1]], "clbit_labels": [["c", 0]], "memory_slots": 1, "creg_sizes": [["c", 1]], "name": "circuit-487", "global_phase": 0.0, "metadata": {}}, "data": {"counts": null, "snapshots": null, "memory": [[18097464.0, -10346222.0]], "statevector": null, "unitary": null}}, {"shots": 8192, "success": true, "status": null, "seed": null, "meas_level": 1, "meas_return": "avg", "header": {"qubit_labels": [["q", 0]], "n_qubits": 1, "qreg_sizes": [["q", 1]], "clbit_labels": [["c", 0]], "memory_slots": 1, "creg_sizes": [["c", 1]], "name": "circuit-488", "global_phase": 0.0, "metadata": {}}, "data": {"counts": null, "snapshots": null, "memory": [[18612306.0, -11308643.0]], "statevector": null, "unitary": null}}, {"shots": 8192, "success": true, "status": null, "seed": null, "meas_level": 1, "meas_return": "avg", "header": {"qubit_labels": [["q", 0]], "n_qubits": 1, "qreg_sizes": [["q", 1]], "clbit_labels": [["c", 0]], "memory_slots": 1, "creg_sizes": [["c", 1]], "name": "circuit-489", "global_phase": 0.0, "metadata": {}}, "data": {"counts": null, "snapshots": null, "memory": [[19271414.0, -12603360.0]], "statevector": null, "unitary": null}}, {"shots": 8192, "success": true, "status": null, "seed": null, "meas_level": 1, "meas_return": "avg", "header": {"qubit_labels": [["q", 0]], "n_qubits": 1, "qreg_sizes": [["q", 1]], "clbit_labels": [["c", 0]], "memory_slots": 1, "creg_sizes": [["c", 1]], "name": "circuit-490", "global_phase": 0.0, "metadata": {}}, "data": {"counts": null, "snapshots": null, "memory": [[19372930.0, -13063676.0]], "statevector": null, "unitary": null}}, {"shots": 8192, "success": true, "status": null, "seed": null, "meas_level": 1, "meas_return": "avg", "header": {"qubit_labels": [["q", 0]], "n_qubits": 1, "qreg_sizes": [["q", 1]], "clbit_labels": [["c", 0]], "memory_slots": 1, "creg_sizes": [["c", 1]], "name": "circuit-491", "global_phase": 0.0, "metadata": {}}, "data": {"counts": null, "snapshots": null, "memory": [[20025034.0, -14703962.0]], "statevector": null, "unitary": null}}, {"shots": 8192, "success": true, "status": null, "seed": null, "meas_level": 1, "meas_return": "avg", "header": {"qubit_labels": [["q", 0]], "n_qubits": 1, "qreg_sizes": [["q", 1]], "clbit_labels": [["c", 0]], "memory_slots": 1, "creg_sizes": [["c", 1]], "name": "circuit-492", "global_phase": 0.0, "metadata": {}}, "data": {"counts": null, "snapshots": null, "memory": [[20593306.0, -16004640.0]], "statevector": null, "unitary": null}}, {"shots": 8192, "success": true, "status": null, "seed": null, "meas_level": 1, "meas_return": "avg", "header": {"qubit_labels": [["q", 0]], "n_qubits": 1, "qreg_sizes": [["q", 1]], "clbit_labels": [["c", 0]], "memory_slots": 1, "creg_sizes": [["c", 1]], "name": "circuit-493", "global_phase": 0.0, "metadata": {}}, "data": {"counts": null, "snapshots": null, "memory": [[21545454.0, -17531142.0]], "statevector": null, "unitary": null}}, {"shots": 8192, "success": true, "status": null, "seed": null, "meas_level": 1, "meas_return": "avg", "header": {"qubit_labels": [["q", 0]], "n_qubits": 1, "qreg_sizes": [["q", 1]], "clbit_labels": [["c", 0]], "memory_slots": 1, "creg_sizes": [["c", 1]], "name": "circuit-494", "global_phase": 0.0, "metadata": {}}, "data": {"counts": null, "snapshots": null, "memory": [[21850122.0, -18675130.0]], "statevector": null, "unitary": null}}, {"shots": 8192, "success": true, "status": null, "seed": null, "meas_level": 1, "meas_return": "avg", "header": {"qubit_labels": [["q", 0]], "n_qubits": 1, "qreg_sizes": [["q", 1]], "clbit_labels": [["c", 0]], "memory_slots": 1, "creg_sizes": [["c", 1]], "name": "circuit-495", "global_phase": 0.0, "metadata": {}}, "data": {"counts": null, "snapshots": null, "memory": [[22471054.0, -20357834.0]], "statevector": null, "unitary": null}}, {"shots": 8192, "success": true, "status": null, "seed": null, "meas_level": 1, "meas_return": "avg", "header": {"qubit_labels": [["q", 0]], "n_qubits": 1, "qreg_sizes": [["q", 1]], "clbit_labels": [["c", 0]], "memory_slots": 1, "creg_sizes": [["c", 1]], "name": "circuit-496", "global_phase": 0.0, "metadata": {}}, "data": {"counts": null, "snapshots": null, "memory": [[23160310.0, -21686638.0]], "statevector": null, "unitary": null}}, {"shots": 8192, "success": true, "status": null, "seed": null, "meas_level": 1, "meas_return": "avg", "header": {"qubit_labels": [["q", 0]], "n_qubits": 1, "qreg_sizes": [["q", 1]], "clbit_labels": [["c", 0]], "memory_slots": 1, "creg_sizes": [["c", 1]], "name": "circuit-497", "global_phase": 0.0, "metadata": {}}, "data": {"counts": null, "snapshots": null, "memory": [[23995728.0, -22609326.0]], "statevector": null, "unitary": null}}, {"shots": 8192, "success": true, "status": null, "seed": null, "meas_level": 1, "meas_return": "avg", "header": {"qubit_labels": [["q", 0]], "n_qubits": 1, "qreg_sizes": [["q", 1]], "clbit_labels": [["c", 0]], "memory_slots": 1, "creg_sizes": [["c", 1]], "name": "circuit-498", "global_phase": 0.0, "metadata": {}}, "data": {"counts": null, "snapshots": null, "memory": [[24387306.0, -23954096.0]], "statevector": null, "unitary": null}}, {"shots": 8192, "success": true, "status": null, "seed": null, "meas_level": 1, "meas_return": "avg", "header": {"qubit_labels": [["q", 0]], "n_qubits": 1, "qreg_sizes": [["q", 1]], "clbit_labels": [["c", 0]], "memory_slots": 1, "creg_sizes": [["c", 1]], "name": "circuit-499", "global_phase": 0.0, "metadata": {}}, "data": {"counts": null, "snapshots": null, "memory": [[24847486.0, -24956918.0]], "statevector": null, "unitary": null}}, {"shots": 8192, "success": true, "status": null, "seed": null, "meas_level": 1, "meas_return": "avg", "header": {"qubit_labels": [["q", 0]], "n_qubits": 1, "qreg_sizes": [["q", 1]], "clbit_labels": [["c", 0]], "memory_slots": 1, "creg_sizes": [["c", 1]], "name": "circuit-500", "global_phase": 0.0, "metadata": {}}, "data": {"counts": null, "snapshots": null, "memory": [[24906716.0, -25265536.0]], "statevector": null, "unitary": null}}, {"shots": 8192, "success": true, "status": null, "seed": null, "meas_level": 1, "meas_return": "avg", "header": {"qubit_labels": [["q", 0]], "n_qubits": 1, "qreg_sizes": [["q", 1]], "clbit_labels": [["c", 0]], "memory_slots": 1, "creg_sizes": [["c", 1]], "name": "circuit-501", "global_phase": 0.0, "metadata": {}}, "data": {"counts": null, "snapshots": null, "memory": [[24942598.0, -25587188.0]], "statevector": null, "unitary": null}}, {"shots": 8192, "success": true, "status": null, "seed": null, "meas_level": 1, "meas_return": "avg", "header": {"qubit_labels": [["q", 0]], "n_qubits": 1, "qreg_sizes": [["q", 1]], "clbit_labels": [["c", 0]], "memory_slots": 1, "creg_sizes": [["c", 1]], "name": "circuit-502", "global_phase": 0.0, "metadata": {}}, "data": {"counts": null, "snapshots": null, "memory": [[24964158.0, -26095474.0]], "statevector": null, "unitary": null}}, {"shots": 8192, "success": true, "status": null, "seed": null, "meas_level": 1, "meas_return": "avg", "header": {"qubit_labels": [["q", 0]], "n_qubits": 1, "qreg_sizes": [["q", 1]], "clbit_labels": [["c", 0]], "memory_slots": 1, "creg_sizes": [["c", 1]], "name": "circuit-503", "global_phase": 0.0, "metadata": {}}, "data": {"counts": null, "snapshots": null, "memory": [[25144706.0, -25847970.0]], "statevector": null, "unitary": null}}], "error": null}