{"backend_name": "ibmq_jakarta", "backend_version": "1.0.34", "qobj_id": "bf50dff9-3182-4c10-a5a4-65b48869fc68", "job_id": "629231ad4bb975606cefad3f", "date": "2022-05-28T14:34:37Z", "success": true, "status": "Successful completion", "execution_id": "86abefec-de92-11ec-90bd-bc97e15b08d0", "time_taken": 332.2248935699463, "header": {"backend_name": "ibmq_jakarta", "backend_version": "1.0.34"}, "results": [{"shots": 8192, "success": true, "status": null, "seed": null, "meas_level": 1, "meas_return": "avg", "header": {"qubit_labels": [["q", 0]], "n_qubits": 1, "qreg_sizes": [["q", 1]], "clbit_labels": [["c", 0]], "memory_slots": 1, "creg_sizes": [["c", 1]], "name": "circuit-2", "global_phase": 0.0, "metadata": {}}, "data": {"counts": null, "snapshots": null, "memory": [[26391164.0, -24970378.0]], "statevector": null, "unitary": null}}, {"shots": 8192, "success": true, "status": null, "seed": null, "meas_level": 1, "meas_return": "avg", "header": {"qubit_labels": [["q", 0]], "n_qubits": 1, "qreg_sizes": [["q", 1]], "clbit_labels": [["c", 0]], "memory_slots": 1, "creg_sizes": [["c", 1]], "name": "circuit-3", "global_phase": 0.0, "metadata": {}}, "data": {"counts": null, "snapshots": null, "memory": [[26048078.0, -24674258.0]], "statevector": null, "unitary": null}}, {"shots": 8192, "success": true, "status": null, "seed": null, "meas_level": 1, "meas_return": "avg", "header": {"qubit_labels": [["q", 0]], "n_qubits": 1, "qreg_sizes": [["q", 1]], "clbit_labels": [["c", 0]], "memory_slots": 1, "creg_sizes": [["c", 1]], "name": "circuit-4", "global_phase": 0.0, "metadata": {}}, "data": {"counts": null, "snapshots": null, "memory": [[26133124.0, -24649832.0]], "statevector": null, "unitary": null}}, {"shots": 8192, "success": true, "status": null, "seed": null, "meas_level": 1, "meas_return": "avg", "header": {"qubit_labels": [["q", 0]], "n_qubits": 1, "qreg_sizes": [["q", 1]], "clbit_labels": [["c", 0]], "memory_slots": 1, "creg_sizes": [["c", 1]], "name": "circuit-5", "global_phase": 0.0, "metadata": {}}, "data": {"counts": null, "snapshots": null, "memory": [[25952316.0, -24432608.0]], "statevector": null, "unitary": null}}, {"shots": 8192, "success": true, "status": null, "seed": null, "meas_level": 1, "meas_return": "avg", "header": {"qubit_labels": [["q", 0]], "n_qubits": 1, "qreg_sizes": [["q", 1]], "clbit_labels": [["c", 0]], "memory_slots": 1, "creg_sizes": [["c", 1]], "name": "circuit-6", "global_phase": 0.0, "metadata": {}}, "data": {"counts": null, "snapshots": null, "memory": [[25762030.0, -24188626.0]], "statevector": null, "unitary": null}}, {"shots": 8192, "success": true, "status": null, "seed": null, "meas_level": 1, "meas_return": "avg", "header": {"qubit_labels": [["q", 0]], "n_qubits": 1, "qreg_sizes": [["q", 1]], "clbit_labels": [["c", 0]], "memory_slots": 1, "creg_sizes": [["c", 1]], "name": "circuit-7", "global_phase": 0.0, "metadata": {}}, "data": {"counts": null, "snapshots": null, "memory": [[26079412.0, -24168596.0]], "statevector": null, "unitary": null}}, {"shots": 8192, "success": true, "status": null, "seed": null, "meas_level": 1, "meas_return": "avg", "header": {"qubit_labels": [["q", 0]], "n_qubits": 1, "qreg_sizes": [["q", 1]], "clbit_labels": [["c", 0]], "memory_slots": 1, "creg_sizes": [["c", 1]], "name": "circuit-8", "global_phase": 0.0, "metadata": {}}, "data": {"counts": null, "snapshots": null, "memory": [[25819000.0, -23988780.0]], "statevector": null, "unitary": null}}, {"shots": 8192, "success": true, "status": null, "seed": null, "meas_level": 1, "meas_return": "avg", "header": {"qubit_labels": [["q", 0]], "n_qubits": 1, "qreg_sizes": [["q", 1]], "clbit_labels": [["c", 0]], "memory_slots": 1, "creg_sizes": [["c", 1]], "name": "circuit-9", "global_phase": 0.0, "metadata": {}}, "data": {"counts": null, "snapshots": null, "memory": [[25352288.0, -23637516.0]], "statevector": null, "unitary": null}}, {"shots": 8192, "success": true, "status": null, "seed": null, "meas_level": 1, "meas_return": "avg", "header": {"qubit_labels": [["q", 0]], "n_qubits": 1, "qreg_sizes": [["q", 1]], "clbit_labels": [["c", 0]], "memory_slots": 1, "creg_sizes": [["c", 1]], "name": "circuit-10", "global_phase": 0.0, "metadata": {}}, "data": {"counts": null, "snapshots": null, "memory": [[25784514.0, -23401574.0]], "statevector": null, "unitary": null}}, {"shots": 8192, "success": true, "status": null, "seed": null, "meas_level": 1, "meas_return": "avg", "header": {"qubit_labels": [["q", 0]], "n_qubits": 1, "qreg_sizes": [["q", 1]], "clbit_labels": [["c", 0]], "memory_slots": 1, "creg_sizes": [["c", 1]], "name": "circuit-11", "global_phase": 0.0, "metadata": {}}, "data": {"counts": null, "snapshots": null, "memory": [[25790600.0, -23250502.0]], "statevector": null, "unitary": null}}, {"shots": 8192, "success": true, "status": null, "seed": null, "meas_level": 1, "meas_return": "avg", "header": {"qubit_labels": [["q", 0]], "n_qubits": 1, "qreg_sizes": [["q", 1]], "clbit_labels": [["c", 0]], "memory_slots": 1, "creg_sizes": [["c", 1]], "name": "circuit-12", "global_phase": 0.0, "metadata": {}}, "data": {"counts": null, "snapshots": null, "memory": [[25839128.0, -23177212.0]], "statevector": null, "unitary": null}}, {"shots": 8192, "success": true, "status": null, "seed": null, "meas_level": 1, "meas_return": "avg", "header": {"qubit_labels": [["q", 0]], "n_qubits": 1, "qreg_sizes": [["q", 1]], "clbit_labels": [["c", 0]], "memory_slots": 1, "creg_sizes": [["c", 1]], "name": "circuit-13", "global_phase": 0.0, "metadata": {}}, "data": {"counts": null, "snapshots": null, "memory": [[25234904.0, -23043512.0]], "statevector": null, "unitary": null}}, {"shots": 8192, "success": true, "status": null, "seed": null, "meas_level": 1, "meas_return": "avg", "header": {"qubit_labels": [["q", 0]], "n_qubits": 1, "qreg_sizes": [["q", 1]], "clbit_labels": [["c", 0]], "memory_slots": 1, "creg_sizes": [["c", 1]], "name": "circuit-14", "global_phase": 0.0, "metadata": {}}, "data": {"counts": null, "snapshots": null, "memory": [[25147792.0, -23178158.0]], "statevector": null, "unitary": null}}, {"shots": 8192, "success": true, "status": null, "seed": null, "meas_level": 1, "meas_return": "avg", "header": {"qubit_labels": [["q", 0]], "n_qubits": 1, "qreg_sizes": [["q", 1]], "clbit_labels": [["c", 0]], "memory_slots": 1, "creg_sizes": [["c", 1]], "name": "circuit-15", "global_phase": 0.0, "metadata": {}}, "data": {"counts": null, "snapshots": null, "memory": [[25651478.0, -22671122.0]], "statevector": null, "unitary": null}}, {"shots": 8192, "success": true, "status": null, "seed": null, "meas_level": 1, "meas_return": "avg", "header": {"qubit_labels": [["q", 0]], "n_qubits": 1, "qreg_sizes": [["q", 1]], "clbit_labels": [["c", 0]], "memory_slots": 1, "creg_sizes": [["c", 1]], "name": "circuit-16", "global_phase": 0.0, "metadata": {}}, "data": {"counts": null, "snapshots": null, "memory": [[25029300.0, -22010110.0]], "statevector": null, "unitary": null}}, {"shots": 8192, "success": true, "status": null, "seed": null, "meas_level": 1, "meas_return": "avg", "header": {"qubit_labels": [["q", 0]], "n_qubits": 1, "qreg_sizes": [["q", 1]], "clbit_labels": [["c", 0]], "memory_slots": 1, "creg_sizes": [["c", 1]], "name": "circuit-17", "global_phase": 0.0, "metadata": {}}, "data": {"counts": null, "snapshots": null, "memory": [[25201186.0, -22262052.0]], "statevector": null, "unitary": null}}, {"shots": 8192, "success": true, "status": null, "seed": null, "meas_level": 1, "meas_return": "avg", "header": {"qubit_labels": [["q", 0]], "n_qubits": 1, "qreg_sizes": [["q", 1]], "clbit_labels": [["c", 0]], "memory_slots": 1, "creg_sizes": [["c", 1]], "name": "circuit-18", "global_phase": 0.0, "metadata": {}}, "data": {"counts": null, "snapshots": null, "memory": [[25202664.0, -21844510.0]], "statevector": null, "unitary": null}}, {"shots": 8192, "success": true, "status": null, "seed": null, "meas_level": 1, "meas_return": "avg", "header": {"qubit_labels": [["q", 0]], "n_qubits": 1, "qreg_sizes": [["q", 1]], "clbit_labels": [["c", 0]], "memory_slots": 1, "creg_sizes": [["c", 1]], "name": "circuit-19", "global_phase": 0.0, "metadata": {}}, "data": {"counts": null, "snapshots": null, "memory": [[24802038.0, -21535416.0]], "statevector": null, "unitary": null}}, {"shots": 8192, "success": true, "status": null, "seed": null, "meas_level": 1, "meas_return": "avg", "header": {"qubit_labels": [["q", 0]], "n_qubits": 1, "qreg_sizes": [["q", 1]], "clbit_labels": [["c", 0]], "memory_slots": 1, "creg_sizes": [["c", 1]], "name": "circuit-20", "global_phase": 0.0, "metadata": {}}, "data": {"counts": null, "snapshots": null, "memory": [[24705740.0, -21334278.0]], "statevector": null, "unitary": null}}, {"shots": 8192, "success": true, "status": null, "seed": null, "meas_level": 1, "meas_return": "avg", "header": {"qubit_labels": [["q", 0]], "n_qubits": 1, "qreg_sizes": [["q", 1]], "clbit_labels": [["c", 0]], "memory_slots": 1, "creg_sizes": [["c", 1]], "name": "circuit-21", "global_phase": 0.0, "metadata": {}}, "data": {"counts": null, "snapshots": null, "memory": [[24533474.0, -21054586.0]], "statevector": null, "unitary": null}}, {"shots": 8192, "success": true, "status": null, "seed": null, "meas_level": 1, "meas_return": "avg", "header": {"qubit_labels": [["q", 0]], "n_qubits": 1, "qreg_sizes": [["q", 1]], "clbit_labels": [["c", 0]], "memory_slots": 1, "creg_sizes": [["c", 1]], "name": "circuit-22", "global_phase": 0.0, "metadata": {}}, "data": {"counts": null, "snapshots": null, "memory": [[24789760.0, -20909572.0]], "statevector": null, "unitary": null}}, {"shots": 8192, "success": true, "status": null, "seed": null, "meas_level": 1, "meas_return": "avg", "header": {"qubit_labels": [["q", 0]], "n_qubits": 1, "qreg_sizes": [["q", 1]], "clbit_labels": [["c", 0]], "memory_slots": 1, "creg_sizes": [["c", 1]], "name": "circuit-23", "global_phase": 0.0, "metadata": {}}, "data": {"counts": null, "snapshots": null, "memory": [[24218216.0, -20429198.0]], "statevector": null, "unitary": null}}, {"shots": 8192, "success": true, "status": null, "seed": null, "meas_level": 1, "meas_return": "avg", "header": {"qubit_labels": [["q", 0]], "n_qubits": 1, "qreg_sizes": [["q", 1]], "clbit_labels": [["c", 0]], "memory_slots": 1, "creg_sizes": [["c", 1]], "name": "circuit-24", "global_phase": 0.0, "metadata": {}}, "data": {"counts": null, "snapshots": null, "memory": [[24326976.0, -20170420.0]], "statevector": null, "unitary": null}}, {"shots": 8192, "success": true, "status": null, "seed": null, "meas_level": 1, "meas_return": "avg", "header": {"qubit_labels": [["q", 0]], "n_qubits": 1, "qreg_sizes": [["q", 1]], "clbit_labels": [["c", 0]], "memory_slots": 1, "creg_sizes": [["c", 1]], "name": "circuit-25", "global_phase": 0.0, "metadata": {}}, "data": {"counts": null, "snapshots": null, "memory": [[23846530.0, -19958692.0]], "statevector": null, "unitary": null}}, {"shots": 8192, "success": true, "status": null, "seed": null, "meas_level": 1, "meas_return": "avg", "header": {"qubit_labels": [["q", 0]], "n_qubits": 1, "qreg_sizes": [["q", 1]], "clbit_labels": [["c", 0]], "memory_slots": 1, "creg_sizes": [["c", 1]], "name": "circuit-26", "global_phase": 0.0, "metadata": {}}, "data": {"counts": null, "snapshots": null, "memory": [[24024160.0, -19776356.0]], "statevector": null, "unitary": null}}, {"shots": 8192, "success": true, "status": null, "seed": null, "meas_level": 1, "meas_return": "avg", "header": {"qubit_labels": [["q", 0]], "n_qubits": 1, "qreg_sizes": [["q", 1]], "clbit_labels": [["c", 0]], "memory_slots": 1, "creg_sizes": [["c", 1]], "name": "circuit-27", "global_phase": 0.0, "metadata": {}}, "data": {"counts": null, "snapshots": null, "memory": [[23800938.0, -19212634.0]], "statevector": null, "unitary": null}}, {"shots": 8192, "success": true, "status": null, "seed": null, "meas_level": 1, "meas_return": "avg", "header": {"qubit_labels": [["q", 0]], "n_qubits": 1, "qreg_sizes": [["q", 1]], "clbit_labels": [["c", 0]], "memory_slots": 1, "creg_sizes": [["c", 1]], "name": "circuit-28", "global_phase": 0.0, "metadata": {}}, "data": {"counts": null, "snapshots": null, "memory": [[23711666.0, -19240196.0]], "statevector": null, "unitary": null}}, {"shots": 8192, "success": true, "status": null, "seed": null, "meas_level": 1, "meas_return": "avg", "header": {"qubit_labels": [["q", 0]], "n_qubits": 1, "qreg_sizes": [["q", 1]], "clbit_labels": [["c", 0]], "memory_slots": 1, "creg_sizes": [["c", 1]], "name": "circuit-29", "global_phase": 0.0, "metadata": {}}, "data": {"counts": null, "snapshots": null, "memory": [[23642020.0, -18804348.0]], "statevector": null, "unitary": null}}, {"shots": 8192, "success": true, "status": null, "seed": null, "meas_level": 1, "meas_return": "avg", "header": {"qubit_labels": [["q", 0]], "n_qubits": 1, "qreg_sizes": [["q", 1]], "clbit_labels": [["c", 0]], "memory_slots": 1, "creg_sizes": [["c", 1]], "name": "circuit-30", "global_phase": 0.0, "metadata": {}}, "data": {"counts": null, "snapshots": null, "memory": [[23461992.0, -18575822.0]], "statevector": null, "unitary": null}}, {"shots": 8192, "success": true, "status": null, "seed": null, "meas_level": 1, "meas_return": "avg", "header": {"qubit_labels": [["q", 0]], "n_qubits": 1, "qreg_sizes": [["q", 1]], "clbit_labels": [["c", 0]], "memory_slots": 1, "creg_sizes": [["c", 1]], "name": "circuit-31", "global_phase": 0.0, "metadata": {}}, "data": {"counts": null, "snapshots": null, "memory": [[23500270.0, -18327224.0]], "statevector": null, "unitary": null}}, {"shots": 8192, "success": true, "status": null, "seed": null, "meas_level": 1, "meas_return": "avg", "header": {"qubit_labels": [["q", 0]], "n_qubits": 1, "qreg_sizes": [["q", 1]], "clbit_labels": [["c", 0]], "memory_slots": 1, "creg_sizes": [["c", 1]], "name": "circuit-32", "global_phase": 0.0, "metadata": {}}, "data": {"counts": null, "snapshots": null, "memory": [[23128132.0, -18052024.0]], "statevector": null, "unitary": null}}, {"shots": 8192, "success": true, "status": null, "seed": null, "meas_level": 1, "meas_return": "avg", "header": {"qubit_labels": [["q", 0]], "n_qubits": 1, "qreg_sizes": [["q", 1]], "clbit_labels": [["c", 0]], "memory_slots": 1, "creg_sizes": [["c", 1]], "name": "circuit-33", "global_phase": 0.0, "metadata": {}}, "data": {"counts": null, "snapshots": null, "memory": [[22946062.0, -17740354.0]], "statevector": null, "unitary": null}}, {"shots": 8192, "success": true, "status": null, "seed": null, "meas_level": 1, "meas_return": "avg", "header": {"qubit_labels": [["q", 0]], "n_qubits": 1, "qreg_sizes": [["q", 1]], "clbit_labels": [["c", 0]], "memory_slots": 1, "creg_sizes": [["c", 1]], "name": "circuit-34", "global_phase": 0.0, "metadata": {}}, "data": {"counts": null, "snapshots": null, "memory": [[22514804.0, -17355688.0]], "statevector": null, "unitary": null}}, {"shots": 8192, "success": true, "status": null, "seed": null, "meas_level": 1, "meas_return": "avg", "header": {"qubit_labels": [["q", 0]], "n_qubits": 1, "qreg_sizes": [["q", 1]], "clbit_labels": [["c", 0]], "memory_slots": 1, "creg_sizes": [["c", 1]], "name": "circuit-35", "global_phase": 0.0, "metadata": {}}, "data": {"counts": null, "snapshots": null, "memory": [[22556402.0, -17158072.0]], "statevector": null, "unitary": null}}, {"shots": 8192, "success": true, "status": null, "seed": null, "meas_level": 1, "meas_return": "avg", "header": {"qubit_labels": [["q", 0]], "n_qubits": 1, "qreg_sizes": [["q", 1]], "clbit_labels": [["c", 0]], "memory_slots": 1, "creg_sizes": [["c", 1]], "name": "circuit-36", "global_phase": 0.0, "metadata": {}}, "data": {"counts": null, "snapshots": null, "memory": [[22926074.0, -17127934.0]], "statevector": null, "unitary": null}}, {"shots": 8192, "success": true, "status": null, "seed": null, "meas_level": 1, "meas_return": "avg", "header": {"qubit_labels": [["q", 0]], "n_qubits": 1, "qreg_sizes": [["q", 1]], "clbit_labels": [["c", 0]], "memory_slots": 1, "creg_sizes": [["c", 1]], "name": "circuit-37", "global_phase": 0.0, "metadata": {}}, "data": {"counts": null, "snapshots": null, "memory": [[22163456.0, -16426079.0]], "statevector": null, "unitary": null}}, {"shots": 8192, "success": true, "status": null, "seed": null, "meas_level": 1, "meas_return": "avg", "header": {"qubit_labels": [["q", 0]], "n_qubits": 1, "qreg_sizes": [["q", 1]], "clbit_labels": [["c", 0]], "memory_slots": 1, "creg_sizes": [["c", 1]], "name": "circuit-38", "global_phase": 0.0, "metadata": {}}, "data": {"counts": null, "snapshots": null, "memory": [[22206934.0, -15835012.0]], "statevector": null, "unitary": null}}, {"shots": 8192, "success": true, "status": null, "seed": null, "meas_level": 1, "meas_return": "avg", "header": {"qubit_labels": [["q", 0]], "n_qubits": 1, "qreg_sizes": [["q", 1]], "clbit_labels": [["c", 0]], "memory_slots": 1, "creg_sizes": [["c", 1]], "name": "circuit-39", "global_phase": 0.0, "metadata": {}}, "data": {"counts": null, "snapshots": null, "memory": [[22284378.0, -15722105.0]], "statevector": null, "unitary": null}}, {"shots": 8192, "success": true, "status": null, "seed": null, "meas_level": 1, "meas_return": "avg", "header": {"qubit_labels": [["q", 0]], "n_qubits": 1, "qreg_sizes": [["q", 1]], "clbit_labels": [["c", 0]], "memory_slots": 1, "creg_sizes": [["c", 1]], "name": "circuit-40", "global_phase": 0.0, "metadata": {}}, "data": {"counts": null, "snapshots": null, "memory": [[22025308.0, -15580900.0]], "statevector": null, "unitary": null}}, {"shots": 8192, "success": true, "status": null, "seed": null, "meas_level": 1, "meas_return": "avg", "header": {"qubit_labels": [["q", 0]], "n_qubits": 1, "qreg_sizes": [["q", 1]], "clbit_labels": [["c", 0]], "memory_slots": 1, "creg_sizes": [["c", 1]], "name": "circuit-41", "global_phase": 0.0, "metadata": {}}, "data": {"counts": null, "snapshots": null, "memory": [[21872588.0, -15431967.0]], "statevector": null, "unitary": null}}, {"shots": 8192, "success": true, "status": null, "seed": null, "meas_level": 1, "meas_return": "avg", "header": {"qubit_labels": [["q", 0]], "n_qubits": 1, "qreg_sizes": [["q", 1]], "clbit_labels": [["c", 0]], "memory_slots": 1, "creg_sizes": [["c", 1]], "name": "circuit-42", "global_phase": 0.0, "metadata": {}}, "data": {"counts": null, "snapshots": null, "memory": [[22204750.0, -15180414.0]], "statevector": null, "unitary": null}}, {"shots": 8192, "success": true, "status": null, "seed": null, "meas_level": 1, "meas_return": "avg", "header": {"qubit_labels": [["q", 0]], "n_qubits": 1, "qreg_sizes": [["q", 1]], "clbit_labels": [["c", 0]], "memory_slots": 1, "creg_sizes": [["c", 1]], "name": "circuit-43", "global_phase": 0.0, "metadata": {}}, "data": {"counts": null, "snapshots": null, "memory": [[21314236.0, -14386926.0]], "statevector": null, "unitary": null}}, {"shots": 8192, "success": true, "status": null, "seed": null, "meas_level": 1, "meas_return": "avg", "header": {"qubit_labels": [["q", 0]], "n_qubits": 1, "qreg_sizes": [["q", 1]], "clbit_labels": [["c", 0]], "memory_slots": 1, "creg_sizes": [["c", 1]], "name": "circuit-44", "global_phase": 0.0, "metadata": {}}, "data": {"counts": null, "snapshots": null, "memory": [[21790300.0, -14170483.0]], "statevector": null, "unitary": null}}, {"shots": 8192, "success": true, "status": null, "seed": null, "meas_level": 1, "meas_return": "avg", "header": {"qubit_labels": [["q", 0]], "n_qubits": 1, "qreg_sizes": [["q", 1]], "clbit_labels": [["c", 0]], "memory_slots": 1, "creg_sizes": [["c", 1]], "name": "circuit-45", "global_phase": 0.0, "metadata": {}}, "data": {"counts": null, "snapshots": null, "memory": [[21370262.0, -13897999.0]], "statevector": null, "unitary": null}}, {"shots": 8192, "success": true, "status": null, "seed": null, "meas_level": 1, "meas_return": "avg", "header": {"qubit_labels": [["q", 0]], "n_qubits": 1, "qreg_sizes": [["q", 1]], "clbit_labels": [["c", 0]], "memory_slots": 1, "creg_sizes": [["c", 1]], "name": "circuit-46", "global_phase": 0.0, "metadata": {}}, "data": {"counts": null, "snapshots": null, "memory": [[21445022.0, -13959197.0]], "statevector": null, "unitary": null}}, {"shots": 8192, "success": true, "status": null, "seed": null, "meas_level": 1, "meas_return": "avg", "header": {"qubit_labels": [["q", 0]], "n_qubits": 1, "qreg_sizes": [["q", 1]], "clbit_labels": [["c", 0]], "memory_slots": 1, "creg_sizes": [["c", 1]], "name": "circuit-47", "global_phase": 0.0, "metadata": {}}, "data": {"counts": null, "snapshots": null, "memory": [[20917016.0, -13495470.0]], "statevector": null, "unitary": null}}, {"shots": 8192, "success": true, "status": null, "seed": null, "meas_level": 1, "meas_return": "avg", "header": {"qubit_labels": [["q", 0]], "n_qubits": 1, "qreg_sizes": [["q", 1]], "clbit_labels": [["c", 0]], "memory_slots": 1, "creg_sizes": [["c", 1]], "name": "circuit-48", "global_phase": 0.0, "metadata": {}}, "data": {"counts": null, "snapshots": null, "memory": [[21206232.0, -13385604.0]], "statevector": null, "unitary": null}}, {"shots": 8192, "success": true, "status": null, "seed": null, "meas_level": 1, "meas_return": "avg", "header": {"qubit_labels": [["q", 0]], "n_qubits": 1, "qreg_sizes": [["q", 1]], "clbit_labels": [["c", 0]], "memory_slots": 1, "creg_sizes": [["c", 1]], "name": "circuit-49", "global_phase": 0.0, "metadata": {}}, "data": {"counts": null, "snapshots": null, "memory": [[20629066.0, -13160016.0]], "statevector": null, "unitary": null}}, {"shots": 8192, "success": true, "status": null, "seed": null, "meas_level": 1, "meas_return": "avg", "header": {"qubit_labels": [["q", 0]], "n_qubits": 1, "qreg_sizes": [["q", 1]], "clbit_labels": [["c", 0]], "memory_slots": 1, "creg_sizes": [["c", 1]], "name": "circuit-50", "global_phase": 0.0, "metadata": {}}, "data": {"counts": null, "snapshots": null, "memory": [[20809562.0, -13007449.0]], "statevector": null, "unitary": null}}, {"shots": 8192, "success": true, "status": null, "seed": null, "meas_level": 1, "meas_return": "avg", "header": {"qubit_labels": [["q", 0]], "n_qubits": 1, "qreg_sizes": [["q", 1]], "clbit_labels": [["c", 0]], "memory_slots": 1, "creg_sizes": [["c", 1]], "name": "circuit-51", "global_phase": 0.0, "metadata": {}}, "data": {"counts": null, "snapshots": null, "memory": [[20662736.0, -12087081.0]], "statevector": null, "unitary": null}}, {"shots": 8192, "success": true, "status": null, "seed": null, "meas_level": 1, "meas_return": "avg", "header": {"qubit_labels": [["q", 0]], "n_qubits": 1, "qreg_sizes": [["q", 1]], "clbit_labels": [["c", 0]], "memory_slots": 1, "creg_sizes": [["c", 1]], "name": "circuit-52", "global_phase": 0.0, "metadata": {}}, "data": {"counts": null, "snapshots": null, "memory": [[20625050.0, -12247567.0]], "statevector": null, "unitary": null}}, {"shots": 8192, "success": true, "status": null, "seed": null, "meas_level": 1, "meas_return": "avg", "header": {"qubit_labels": [["q", 0]], "n_qubits": 1, "qreg_sizes": [["q", 1]], "clbit_labels": [["c", 0]], "memory_slots": 1, "creg_sizes": [["c", 1]], "name": "circuit-53", "global_phase": 0.0, "metadata": {}}, "data": {"counts": null, "snapshots": null, "memory": [[20559472.0, -12005233.0]], "statevector": null, "unitary": null}}, {"shots": 8192, "success": true, "status": null, "seed": null, "meas_level": 1, "meas_return": "avg", "header": {"qubit_labels": [["q", 0]], "n_qubits": 1, "qreg_sizes": [["q", 1]], "clbit_labels": [["c", 0]], "memory_slots": 1, "creg_sizes": [["c", 1]], "name": "circuit-54", "global_phase": 0.0, "metadata": {}}, "data": {"counts": null, "snapshots": null, "memory": [[20410078.0, -11959585.0]], "statevector": null, "unitary": null}}, {"shots": 8192, "success": true, "status": null, "seed": null, "meas_level": 1, "meas_return": "avg", "header": {"qubit_labels": [["q", 0]], "n_qubits": 1, "qreg_sizes": [["q", 1]], "clbit_labels": [["c", 0]], "memory_slots": 1, "creg_sizes": [["c", 1]], "name": "circuit-55", "global_phase": 0.0, "metadata": {}}, "data": {"counts": null, "snapshots": null, "memory": [[20407910.0, -11404402.0]], "statevector": null, "unitary": null}}, {"shots": 8192, "success": true, "status": null, "seed": null, "meas_level": 1, "meas_return": "avg", "header": {"qubit_labels": [["q", 0]], "n_qubits": 1, "qreg_sizes": [["q", 1]], "clbit_labels": [["c", 0]], "memory_slots": 1, "creg_sizes": [["c", 1]], "name": "circuit-56", "global_phase": 0.0, "metadata": {}}, "data": {"counts": null, "snapshots": null, "memory": [[20242228.0, -11248207.0]], "statevector": null, "unitary": null}}, {"shots": 8192, "success": true, "status": null, "seed": null, "meas_level": 1, "meas_return": "avg", "header": {"qubit_labels": [["q", 0]], "n_qubits": 1, "qreg_sizes": [["q", 1]], "clbit_labels": [["c", 0]], "memory_slots": 1, "creg_sizes": [["c", 1]], "name": "circuit-57", "global_phase": 0.0, "metadata": {}}, "data": {"counts": null, "snapshots": null, "memory": [[20119794.0, -11035582.0]], "statevector": null, "unitary": null}}, {"shots": 8192, "success": true, "status": null, "seed": null, "meas_level": 1, "meas_return": "avg", "header": {"qubit_labels": [["q", 0]], "n_qubits": 1, "qreg_sizes": [["q", 1]], "clbit_labels": [["c", 0]], "memory_slots": 1, "creg_sizes": [["c", 1]], "name": "circuit-58", "global_phase": 0.0, "metadata": {}}, "data": {"counts": null, "snapshots": null, "memory": [[20118992.0, -10642356.0]], "statevector": null, "unitary": null}}, {"shots": 8192, "success": true, "status": null, "seed": null, "meas_level": 1, "meas_return": "avg", "header": {"qubit_labels": [["q", 0]], "n_qubits": 1, "qreg_sizes": [["q", 1]], "clbit_labels": [["c", 0]], "memory_slots": 1, "creg_sizes": [["c", 1]], "name": "circuit-59", "global_phase": 0.0, "metadata": {}}, "data": {"counts": null, "snapshots": null, "memory": [[19771474.0, -10458046.0]], "statevector": null, "unitary": null}}, {"shots": 8192, "success": true, "status": null, "seed": null, "meas_level": 1, "meas_return": "avg", "header": {"qubit_labels": [["q", 0]], "n_qubits": 1, "qreg_sizes": [["q", 1]], "clbit_labels": [["c", 0]], "memory_slots": 1, "creg_sizes": [["c", 1]], "name": "circuit-60", "global_phase": 0.0, "metadata": {}}, "data": {"counts": null, "snapshots": null, "memory": [[19932524.0, -10474375.0]], "statevector": null, "unitary": null}}, {"shots": 8192, "success": true, "status": null, "seed": null, "meas_level": 1, "meas_return": "avg", "header": {"qubit_labels": [["q", 0]], "n_qubits": 1, "qreg_sizes": [["q", 1]], "clbit_labels": [["c", 0]], "memory_slots": 1, "creg_sizes": [["c", 1]], "name": "circuit-61", "global_phase": 0.0, "metadata": {}}, "data": {"counts": null, "snapshots": null, "memory": [[19667216.0, -9889812.0]], "statevector": null, "unitary": null}}, {"shots": 8192, "success": true, "status": null, "seed": null, "meas_level": 1, "meas_return": "avg", "header": {"qubit_labels": [["q", 0]], "n_qubits": 1, "qreg_sizes": [["q", 1]], "clbit_labels": [["c", 0]], "memory_slots": 1, "creg_sizes": [["c", 1]], "name": "circuit-62", "global_phase": 0.0, "metadata": {}}, "data": {"counts": null, "snapshots": null, "memory": [[19635440.0, -10295360.0]], "statevector": null, "unitary": null}}, {"shots": 8192, "success": true, "status": null, "seed": null, "meas_level": 1, "meas_return": "avg", "header": {"qubit_labels": [["q", 0]], "n_qubits": 1, "qreg_sizes": [["q", 1]], "clbit_labels": [["c", 0]], "memory_slots": 1, "creg_sizes": [["c", 1]], "name": "circuit-63", "global_phase": 0.0, "metadata": {}}, "data": {"counts": null, "snapshots": null, "memory": [[19534722.0, -9954910.0]], "statevector": null, "unitary": null}}, {"shots": 8192, "success": true, "status": null, "seed": null, "meas_level": 1, "meas_return": "avg", "header": {"qubit_labels": [["q", 0]], "n_qubits": 1, "qreg_sizes": [["q", 1]], "clbit_labels": [["c", 0]], "memory_slots": 1, "creg_sizes": [["c", 1]], "name": "circuit-64", "global_phase": 0.0, "metadata": {}}, "data": {"counts": null, "snapshots": null, "memory": [[19333182.0, -9565957.0]], "statevector": null, "unitary": null}}, {"shots": 8192, "success": true, "status": null, "seed": null, "meas_level": 1, "meas_return": "avg", "header": {"qubit_labels": [["q", 0]], "n_qubits": 1, "qreg_sizes": [["q", 1]], "clbit_labels": [["c", 0]], "memory_slots": 1, "creg_sizes": [["c", 1]], "name": "circuit-65", "global_phase": 0.0, "metadata": {}}, "data": {"counts": null, "snapshots": null, "memory": [[19486838.0, -9429091.0]], "statevector": null, "unitary": null}}, {"shots": 8192, "success": true, "status": null, "seed": null, "meas_level": 1, "meas_return": "avg", "header": {"qubit_labels": [["q", 0]], "n_qubits": 1, "qreg_sizes": [["q", 1]], "clbit_labels": [["c", 0]], "memory_slots": 1, "creg_sizes": [["c", 1]], "name": "circuit-66", "global_phase": 0.0, "metadata": {}}, "data": {"counts": null, "snapshots": null, "memory": [[19336644.0, -9134625.0]], "statevector": null, "unitary": null}}, {"shots": 8192, "success": true, "status": null, "seed": null, "meas_level": 1, "meas_return": "avg", "header": {"qubit_labels": [["q", 0]], "n_qubits": 1, "qreg_sizes": [["q", 1]], "clbit_labels": [["c", 0]], "memory_slots": 1, "creg_sizes": [["c", 1]], "name": "circuit-67", "global_phase": 0.0, "metadata": {}}, "data": {"counts": null, "snapshots": null, "memory": [[19099788.0, -9196937.0]], "statevector": null, "unitary": null}}, {"shots": 8192, "success": true, "status": null, "seed": null, "meas_level": 1, "meas_return": "avg", "header": {"qubit_labels": [["q", 0]], "n_qubits": 1, "qreg_sizes": [["q", 1]], "clbit_labels": [["c", 0]], "memory_slots": 1, "creg_sizes": [["c", 1]], "name": "circuit-68", "global_phase": 0.0, "metadata": {}}, "data": {"counts": null, "snapshots": null, "memory": [[19555366.0, -9436752.0]], "statevector": null, "unitary": null}}, {"shots": 8192, "success": true, "status": null, "seed": null, "meas_level": 1, "meas_return": "avg", "header": {"qubit_labels": [["q", 0]], "n_qubits": 1, "qreg_sizes": [["q", 1]], "clbit_labels": [["c", 0]], "memory_slots": 1, "creg_sizes": [["c", 1]], "name": "circuit-69", "global_phase": 0.0, "metadata": {}}, "data": {"counts": null, "snapshots": null, "memory": [[19320988.0, -8870345.0]], "statevector": null, "unitary": null}}, {"shots": 8192, "success": true, "status": null, "seed": null, "meas_level": 1, "meas_return": "avg", "header": {"qubit_labels": [["q", 0]], "n_qubits": 1, "qreg_sizes": [["q", 1]], "clbit_labels": [["c", 0]], "memory_slots": 1, "creg_sizes": [["c", 1]], "name": "circuit-70", "global_phase": 0.0, "metadata": {}}, "data": {"counts": null, "snapshots": null, "memory": [[19051396.0, -9095615.0]], "statevector": null, "unitary": null}}, {"shots": 8192, "success": true, "status": null, "seed": null, "meas_level": 1, "meas_return": "avg", "header": {"qubit_labels": [["q", 0]], "n_qubits": 1, "qreg_sizes": [["q", 1]], "clbit_labels": [["c", 0]], "memory_slots": 1, "creg_sizes": [["c", 1]], "name": "circuit-71", "global_phase": 0.0, "metadata": {}}, "data": {"counts": null, "snapshots": null, "memory": [[19092146.0, -8702022.0]], "statevector": null, "unitary": null}}, {"shots": 8192, "success": true, "status": null, "seed": null, "meas_level": 1, "meas_return": "avg", "header": {"qubit_labels": [["q", 0]], "n_qubits": 1, "qreg_sizes": [["q", 1]], "clbit_labels": [["c", 0]], "memory_slots": 1, "creg_sizes": [["c", 1]], "name": "circuit-72", "global_phase": 0.0, "metadata": {}}, "data": {"counts": null, "snapshots": null, "memory": [[19117994.0, -8959732.0]], "statevector": null, "unitary": null}}, {"shots": 8192, "success": true, "status": null, "seed": null, "meas_level": 1, "meas_return": "avg", "header": {"qubit_labels": [["q", 0]], "n_qubits": 1, "qreg_sizes": [["q", 1]], "clbit_labels": [["c", 0]], "memory_slots": 1, "creg_sizes": [["c", 1]], "name": "circuit-73", "global_phase": 0.0, "metadata": {}}, "data": {"counts": null, "snapshots": null, "memory": [[19108922.0, -8847610.0]], "statevector": null, "unitary": null}}, {"shots": 8192, "success": true, "status": null, "seed": null, "meas_level": 1, "meas_return": "avg", "header": {"qubit_labels": [["q", 0]], "n_qubits": 1, "qreg_sizes": [["q", 1]], "clbit_labels": [["c", 0]], "memory_slots": 1, "creg_sizes": [["c", 1]], "name": "circuit-74", "global_phase": 0.0, "metadata": {}}, "data": {"counts": null, "snapshots": null, "memory": [[18891648.0, -8637995.0]], "statevector": null, "unitary": null}}, {"shots": 8192, "success": true, "status": null, "seed": null, "meas_level": 1, "meas_return": "avg", "header": {"qubit_labels": [["q", 0]], "n_qubits": 1, "qreg_sizes": [["q", 1]], "clbit_labels": [["c", 0]], "memory_slots": 1, "creg_sizes": [["c", 1]], "name": "circuit-75", "global_phase": 0.0, "metadata": {}}, "data": {"counts": null, "snapshots": null, "memory": [[19224106.0, -8724971.0]], "statevector": null, "unitary": null}}, {"shots": 8192, "success": true, "status": null, "seed": null, "meas_level": 1, "meas_return": "avg", "header": {"qubit_labels": [["q", 0]], "n_qubits": 1, "qreg_sizes": [["q", 1]], "clbit_labels": [["c", 0]], "memory_slots": 1, "creg_sizes": [["c", 1]], "name": "circuit-76", "global_phase": 0.0, "metadata": {}}, "data": {"counts": null, "snapshots": null, "memory": [[19174584.0, -8802483.0]], "statevector": null, "unitary": null}}, {"shots": 8192, "success": true, "status": null, "seed": null, "meas_level": 1, "meas_return": "avg", "header": {"qubit_labels": [["q", 0]], "n_qubits": 1, "qreg_sizes": [["q", 1]], "clbit_labels": [["c", 0]], "memory_slots": 1, "creg_sizes": [["c", 1]], "name": "circuit-77", "global_phase": 0.0, "metadata": {}}, "data": {"counts": null, "snapshots": null, "memory": [[19213178.0, -8242249.0]], "statevector": null, "unitary": null}}, {"shots": 8192, "success": true, "status": null, "seed": null, "meas_level": 1, "meas_return": "avg", "header": {"qubit_labels": [["q", 0]], "n_qubits": 1, "qreg_sizes": [["q", 1]], "clbit_labels": [["c", 0]], "memory_slots": 1, "creg_sizes": [["c", 1]], "name": "circuit-78", "global_phase": 0.0, "metadata": {}}, "data": {"counts": null, "snapshots": null, "memory": [[19018794.0, -8583084.0]], "statevector": null, "unitary": null}}, {"shots": 8192, "success": true, "status": null, "seed": null, "meas_level": 1, "meas_return": "avg", "header": {"qubit_labels": [["q", 0]], "n_qubits": 1, "qreg_sizes": [["q", 1]], "clbit_labels": [["c", 0]], "memory_slots": 1, "creg_sizes": [["c", 1]], "name": "circuit-79", "global_phase": 0.0, "metadata": {}}, "data": {"counts": null, "snapshots": null, "memory": [[18733084.0, -8582071.0]], "statevector": null, "unitary": null}}, {"shots": 8192, "success": true, "status": null, "seed": null, "meas_level": 1, "meas_return": "avg", "header": {"qubit_labels": [["q", 0]], "n_qubits": 1, "qreg_sizes": [["q", 1]], "clbit_labels": [["c", 0]], "memory_slots": 1, "creg_sizes": [["c", 1]], "name": "circuit-80", "global_phase": 0.0, "metadata": {}}, "data": {"counts": null, "snapshots": null, "memory": [[18926148.0, -8443343.0]], "statevector": null, "unitary": null}}, {"shots": 8192, "success": true, "status": null, "seed": null, "meas_level": 1, "meas_return": "avg", "header": {"qubit_labels": [["q", 0]], "n_qubits": 1, "qreg_sizes": [["q", 1]], "clbit_labels": [["c", 0]], "memory_slots": 1, "creg_sizes": [["c", 1]], "name": "circuit-81", "global_phase": 0.0, "metadata": {}}, "data": {"counts": null, "snapshots": null, "memory": [[19188376.0, -8686930.0]], "statevector": null, "unitary": null}}, {"shots": 8192, "success": true, "status": null, "seed": null, "meas_level": 1, "meas_return": "avg", "header": {"qubit_labels": [["q", 0]], "n_qubits": 1, "qreg_sizes": [["q", 1]], "clbit_labels": [["c", 0]], "memory_slots": 1, "creg_sizes": [["c", 1]], "name": "circuit-82", "global_phase": 0.0, "metadata": {}}, "data": {"counts": null, "snapshots": null, "memory": [[19475362.0, -8587069.0]], "statevector": null, "unitary": null}}, {"shots": 8192, "success": true, "status": null, "seed": null, "meas_level": 1, "meas_return": "avg", "header": {"qubit_labels": [["q", 0]], "n_qubits": 1, "qreg_sizes": [["q", 1]], "clbit_labels": [["c", 0]], "memory_slots": 1, "creg_sizes": [["c", 1]], "name": "circuit-83", "global_phase": 0.0, "metadata": {}}, "data": {"counts": null, "snapshots": null, "memory": [[18866180.0, -8701873.0]], "statevector": null, "unitary": null}}, {"shots": 8192, "success": true, "status": null, "seed": null, "meas_level": 1, "meas_return": "avg", "header": {"qubit_labels": [["q", 0]], "n_qubits": 1, "qreg_sizes": [["q", 1]], "clbit_labels": [["c", 0]], "memory_slots": 1, "creg_sizes": [["c", 1]], "name": "circuit-84", "global_phase": 0.0, "metadata": {}}, "data": {"counts": null, "snapshots": null, "memory": [[19186444.0, -9017259.0]], "statevector": null, "unitary": null}}, {"shots": 8192, "success": true, "status": null, "seed": null, "meas_level": 1, "meas_return": "avg", "header": {"qubit_labels": [["q", 0]], "n_qubits": 1, "qreg_sizes": [["q", 1]], "clbit_labels": [["c", 0]], "memory_slots": 1, "creg_sizes": [["c", 1]], "name": "circuit-85", "global_phase": 0.0, "metadata": {}}, "data": {"counts": null, "snapshots": null, "memory": [[19402162.0, -8612758.0]], "statevector": null, "unitary": null}}, {"shots": 8192, "success": true, "status": null, "seed": null, "meas_level": 1, "meas_return": "avg", "header": {"qubit_labels": [["q", 0]], "n_qubits": 1, "qreg_sizes": [["q", 1]], "clbit_labels": [["c", 0]], "memory_slots": 1, "creg_sizes": [["c", 1]], "name": "circuit-86", "global_phase": 0.0, "metadata": {}}, "data": {"counts": null, "snapshots": null, "memory": [[19222308.0, -8969119.0]], "statevector": null, "unitary": null}}, {"shots": 8192, "success": true, "status": null, "seed": null, "meas_level": 1, "meas_return": "avg", "header": {"qubit_labels": [["q", 0]], "n_qubits": 1, "qreg_sizes": [["q", 1]], "clbit_labels": [["c", 0]], "memory_slots": 1, "creg_sizes": [["c", 1]], "name": "circuit-87", "global_phase": 0.0, "metadata": {}}, "data": {"counts": null, "snapshots": null, "memory": [[19160490.0, -9275354.0]], "statevector": null, "unitary": null}}, {"shots": 8192, "success": true, "status": null, "seed": null, "meas_level": 1, "meas_return": "avg", "header": {"qubit_labels": [["q", 0]], "n_qubits": 1, "qreg_sizes": [["q", 1]], "clbit_labels": [["c", 0]], "memory_slots": 1, "creg_sizes": [["c", 1]], "name": "circuit-88", "global_phase": 0.0, "metadata": {}}, "data": {"counts": null, "snapshots": null, "memory": [[19392204.0, -9341611.0]], "statevector": null, "unitary": null}}, {"shots": 8192, "success": true, "status": null, "seed": null, "meas_level": 1, "meas_return": "avg", "header": {"qubit_labels": [["q", 0]], "n_qubits": 1, "qreg_sizes": [["q", 1]], "clbit_labels": [["c", 0]], "memory_slots": 1, "creg_sizes": [["c", 1]], "name": "circuit-89", "global_phase": 0.0, "metadata": {}}, "data": {"counts": null, "snapshots": null, "memory": [[19267162.0, -9349326.0]], "statevector": null, "unitary": null}}, {"shots": 8192, "success": true, "status": null, "seed": null, "meas_level": 1, "meas_return": "avg", "header": {"qubit_labels": [["q", 0]], "n_qubits": 1, "qreg_sizes": [["q", 1]], "clbit_labels": [["c", 0]], "memory_slots": 1, "creg_sizes": [["c", 1]], "name": "circuit-90", "global_phase": 0.0, "metadata": {}}, "data": {"counts": null, "snapshots": null, "memory": [[19438224.0, -9704754.0]], "statevector": null, "unitary": null}}, {"shots": 8192, "success": true, "status": null, "seed": null, "meas_level": 1, "meas_return": "avg", "header": {"qubit_labels": [["q", 0]], "n_qubits": 1, "qreg_sizes": [["q", 1]], "clbit_labels": [["c", 0]], "memory_slots": 1, "creg_sizes": [["c", 1]], "name": "circuit-91", "global_phase": 0.0, "metadata": {}}, "data": {"counts": null, "snapshots": null, "memory": [[19595864.0, -9641078.0]], "statevector": null, "unitary": null}}, {"shots": 8192, "success": true, "status": null, "seed": null, "meas_level": 1, "meas_return": "avg", "header": {"qubit_labels": [["q", 0]], "n_qubits": 1, "qreg_sizes": [["q", 1]], "clbit_labels": [["c", 0]], "memory_slots": 1, "creg_sizes": [["c", 1]], "name": "circuit-92", "global_phase": 0.0, "metadata": {}}, "data": {"counts": null, "snapshots": null, "memory": [[19784554.0, -9834915.0]], "statevector": null, "unitary": null}}, {"shots": 8192, "success": true, "status": null, "seed": null, "meas_level": 1, "meas_return": "avg", "header": {"qubit_labels": [["q", 0]], "n_qubits": 1, "qreg_sizes": [["q", 1]], "clbit_labels": [["c", 0]], "memory_slots": 1, "creg_sizes": [["c", 1]], "name": "circuit-93", "global_phase": 0.0, "metadata": {}}, "data": {"counts": null, "snapshots": null, "memory": [[19908106.0, -10203838.0]], "statevector": null, "unitary": null}}, {"shots": 8192, "success": true, "status": null, "seed": null, "meas_level": 1, "meas_return": "avg", "header": {"qubit_labels": [["q", 0]], "n_qubits": 1, "qreg_sizes": [["q", 1]], "clbit_labels": [["c", 0]], "memory_slots": 1, "creg_sizes": [["c", 1]], "name": "circuit-94", "global_phase": 0.0, "metadata": {}}, "data": {"counts": null, "snapshots": null, "memory": [[19936542.0, -9920976.0]], "statevector": null, "unitary": null}}, {"shots": 8192, "success": true, "status": null, "seed": null, "meas_level": 1, "meas_return": "avg", "header": {"qubit_labels": [["q", 0]], "n_qubits": 1, "qreg_sizes": [["q", 1]], "clbit_labels": [["c", 0]], "memory_slots": 1, "creg_sizes": [["c", 1]], "name": "circuit-95", "global_phase": 0.0, "metadata": {}}, "data": {"counts": null, "snapshots": null, "memory": [[19694054.0, -10180774.0]], "statevector": null, "unitary": null}}, {"shots": 8192, "success": true, "status": null, "seed": null, "meas_level": 1, "meas_return": "avg", "header": {"qubit_labels": [["q", 0]], "n_qubits": 1, "qreg_sizes": [["q", 1]], "clbit_labels": [["c", 0]], "memory_slots": 1, "creg_sizes": [["c", 1]], "name": "circuit-96", "global_phase": 0.0, "metadata": {}}, "data": {"counts": null, "snapshots": null, "memory": [[19910202.0, -10442259.0]], "statevector": null, "unitary": null}}, {"shots": 8192, "success": true, "status": null, "seed": null, "meas_level": 1, "meas_return": "avg", "header": {"qubit_labels": [["q", 0]], "n_qubits": 1, "qreg_sizes": [["q", 1]], "clbit_labels": [["c", 0]], "memory_slots": 1, "creg_sizes": [["c", 1]], "name": "circuit-97", "global_phase": 0.0, "metadata": {}}, "data": {"counts": null, "snapshots": null, "memory": [[20012310.0, -10871739.0]], "statevector": null, "unitary": null}}, {"shots": 8192, "success": true, "status": null, "seed": null, "meas_level": 1, "meas_return": "avg", "header": {"qubit_labels": [["q", 0]], "n_qubits": 1, "qreg_sizes": [["q", 1]], "clbit_labels": [["c", 0]], "memory_slots": 1, "creg_sizes": [["c", 1]], "name": "circuit-98", "global_phase": 0.0, "metadata": {}}, "data": {"counts": null, "snapshots": null, "memory": [[19698514.0, -10559536.0]], "statevector": null, "unitary": null}}, {"shots": 8192, "success": true, "status": null, "seed": null, "meas_level": 1, "meas_return": "avg", "header": {"qubit_labels": [["q", 0]], "n_qubits": 1, "qreg_sizes": [["q", 1]], "clbit_labels": [["c", 0]], "memory_slots": 1, "creg_sizes": [["c", 1]], "name": "circuit-99", "global_phase": 0.0, "metadata": {}}, "data": {"counts": null, "snapshots": null, "memory": [[20873858.0, -11263712.0]], "statevector": null, "unitary": null}}, {"shots": 8192, "success": true, "status": null, "seed": null, "meas_level": 1, "meas_return": "avg", "header": {"qubit_labels": [["q", 0]], "n_qubits": 1, "qreg_sizes": [["q", 1]], "clbit_labels": [["c", 0]], "memory_slots": 1, "creg_sizes": [["c", 1]], "name": "circuit-100", "global_phase": 0.0, "metadata": {}}, "data": {"counts": null, "snapshots": null, "memory": [[20187052.0, -11279575.0]], "statevector": null, "unitary": null}}, {"shots": 8192, "success": true, "status": null, "seed": null, "meas_level": 1, "meas_return": "avg", "header": {"qubit_labels": [["q", 0]], "n_qubits": 1, "qreg_sizes": [["q", 1]], "clbit_labels": [["c", 0]], "memory_slots": 1, "creg_sizes": [["c", 1]], "name": "circuit-101", "global_phase": 0.0, "metadata": {}}, "data": {"counts": null, "snapshots": null, "memory": [[20321132.0, -11830771.0]], "statevector": null, "unitary": null}}, {"shots": 8192, "success": true, "status": null, "seed": null, "meas_level": 1, "meas_return": "avg", "header": {"qubit_labels": [["q", 0]], "n_qubits": 1, "qreg_sizes": [["q", 1]], "clbit_labels": [["c", 0]], "memory_slots": 1, "creg_sizes": [["c", 1]], "name": "circuit-102", "global_phase": 0.0, "metadata": {}}, "data": {"counts": null, "snapshots": null, "memory": [[20665150.0, -11788492.0]], "statevector": null, "unitary": null}}, {"shots": 8192, "success": true, "status": null, "seed": null, "meas_level": 1, "meas_return": "avg", "header": {"qubit_labels": [["q", 0]], "n_qubits": 1, "qreg_sizes": [["q", 1]], "clbit_labels": [["c", 0]], "memory_slots": 1, "creg_sizes": [["c", 1]], "name": "circuit-103", "global_phase": 0.0, "metadata": {}}, "data": {"counts": null, "snapshots": null, "memory": [[20411818.0, -11775060.0]], "statevector": null, "unitary": null}}, {"shots": 8192, "success": true, "status": null, "seed": null, "meas_level": 1, "meas_return": "avg", "header": {"qubit_labels": [["q", 0]], "n_qubits": 1, "qreg_sizes": [["q", 1]], "clbit_labels": [["c", 0]], "memory_slots": 1, "creg_sizes": [["c", 1]], "name": "circuit-104", "global_phase": 0.0, "metadata": {}}, "data": {"counts": null, "snapshots": null, "memory": [[20219712.0, -12353502.0]], "statevector": null, "unitary": null}}, {"shots": 8192, "success": true, "status": null, "seed": null, "meas_level": 1, "meas_return": "avg", "header": {"qubit_labels": [["q", 0]], "n_qubits": 1, "qreg_sizes": [["q", 1]], "clbit_labels": [["c", 0]], "memory_slots": 1, "creg_sizes": [["c", 1]], "name": "circuit-105", "global_phase": 0.0, "metadata": {}}, "data": {"counts": null, "snapshots": null, "memory": [[20867326.0, -12571113.0]], "statevector": null, "unitary": null}}, {"shots": 8192, "success": true, "status": null, "seed": null, "meas_level": 1, "meas_return": "avg", "header": {"qubit_labels": [["q", 0]], "n_qubits": 1, "qreg_sizes": [["q", 1]], "clbit_labels": [["c", 0]], "memory_slots": 1, "creg_sizes": [["c", 1]], "name": "circuit-106", "global_phase": 0.0, "metadata": {}}, "data": {"counts": null, "snapshots": null, "memory": [[20897412.0, -12633450.0]], "statevector": null, "unitary": null}}, {"shots": 8192, "success": true, "status": null, "seed": null, "meas_level": 1, "meas_return": "avg", "header": {"qubit_labels": [["q", 0]], "n_qubits": 1, "qreg_sizes": [["q", 1]], "clbit_labels": [["c", 0]], "memory_slots": 1, "creg_sizes": [["c", 1]], "name": "circuit-107", "global_phase": 0.0, "metadata": {}}, "data": {"counts": null, "snapshots": null, "memory": [[21146246.0, -13024644.0]], "statevector": null, "unitary": null}}, {"shots": 8192, "success": true, "status": null, "seed": null, "meas_level": 1, "meas_return": "avg", "header": {"qubit_labels": [["q", 0]], "n_qubits": 1, "qreg_sizes": [["q", 1]], "clbit_labels": [["c", 0]], "memory_slots": 1, "creg_sizes": [["c", 1]], "name": "circuit-108", "global_phase": 0.0, "metadata": {}}, "data": {"counts": null, "snapshots": null, "memory": [[21200008.0, -13350069.0]], "statevector": null, "unitary": null}}, {"shots": 8192, "success": true, "status": null, "seed": null, "meas_level": 1, "meas_return": "avg", "header": {"qubit_labels": [["q", 0]], "n_qubits": 1, "qreg_sizes": [["q", 1]], "clbit_labels": [["c", 0]], "memory_slots": 1, "creg_sizes": [["c", 1]], "name": "circuit-109", "global_phase": 0.0, "metadata": {}}, "data": {"counts": null, "snapshots": null, "memory": [[21337576.0, -13714672.0]], "statevector": null, "unitary": null}}, {"shots": 8192, "success": true, "status": null, "seed": null, "meas_level": 1, "meas_return": "avg", "header": {"qubit_labels": [["q", 0]], "n_qubits": 1, "qreg_sizes": [["q", 1]], "clbit_labels": [["c", 0]], "memory_slots": 1, "creg_sizes": [["c", 1]], "name": "circuit-110", "global_phase": 0.0, "metadata": {}}, "data": {"counts": null, "snapshots": null, "memory": [[21859044.0, -13940199.0]], "statevector": null, "unitary": null}}, {"shots": 8192, "success": true, "status": null, "seed": null, "meas_level": 1, "meas_return": "avg", "header": {"qubit_labels": [["q", 0]], "n_qubits": 1, "qreg_sizes": [["q", 1]], "clbit_labels": [["c", 0]], "memory_slots": 1, "creg_sizes": [["c", 1]], "name": "circuit-111", "global_phase": 0.0, "metadata": {}}, "data": {"counts": null, "snapshots": null, "memory": [[21608952.0, -14586476.0]], "statevector": null, "unitary": null}}, {"shots": 8192, "success": true, "status": null, "seed": null, "meas_level": 1, "meas_return": "avg", "header": {"qubit_labels": [["q", 0]], "n_qubits": 1, "qreg_sizes": [["q", 1]], "clbit_labels": [["c", 0]], "memory_slots": 1, "creg_sizes": [["c", 1]], "name": "circuit-112", "global_phase": 0.0, "metadata": {}}, "data": {"counts": null, "snapshots": null, "memory": [[21907782.0, -14815443.0]], "statevector": null, "unitary": null}}, {"shots": 8192, "success": true, "status": null, "seed": null, "meas_level": 1, "meas_return": "avg", "header": {"qubit_labels": [["q", 0]], "n_qubits": 1, "qreg_sizes": [["q", 1]], "clbit_labels": [["c", 0]], "memory_slots": 1, "creg_sizes": [["c", 1]], "name": "circuit-113", "global_phase": 0.0, "metadata": {}}, "data": {"counts": null, "snapshots": null, "memory": [[21902576.0, -14718512.0]], "statevector": null, "unitary": null}}, {"shots": 8192, "success": true, "status": null, "seed": null, "meas_level": 1, "meas_return": "avg", "header": {"qubit_labels": [["q", 0]], "n_qubits": 1, "qreg_sizes": [["q", 1]], "clbit_labels": [["c", 0]], "memory_slots": 1, "creg_sizes": [["c", 1]], "name": "circuit-114", "global_phase": 0.0, "metadata": {}}, "data": {"counts": null, "snapshots": null, "memory": [[22021482.0, -15263430.0]], "statevector": null, "unitary": null}}, {"shots": 8192, "success": true, "status": null, "seed": null, "meas_level": 1, "meas_return": "avg", "header": {"qubit_labels": [["q", 0]], "n_qubits": 1, "qreg_sizes": [["q", 1]], "clbit_labels": [["c", 0]], "memory_slots": 1, "creg_sizes": [["c", 1]], "name": "circuit-115", "global_phase": 0.0, "metadata": {}}, "data": {"counts": null, "snapshots": null, "memory": [[21922866.0, -15683844.0]], "statevector": null, "unitary": null}}, {"shots": 8192, "success": true, "status": null, "seed": null, "meas_level": 1, "meas_return": "avg", "header": {"qubit_labels": [["q", 0]], "n_qubits": 1, "qreg_sizes": [["q", 1]], "clbit_labels": [["c", 0]], "memory_slots": 1, "creg_sizes": [["c", 1]], "name": "circuit-116", "global_phase": 0.0, "metadata": {}}, "data": {"counts": null, "snapshots": null, "memory": [[22245120.0, -16090344.0]], "statevector": null, "unitary": null}}, {"shots": 8192, "success": true, "status": null, "seed": null, "meas_level": 1, "meas_return": "avg", "header": {"qubit_labels": [["q", 0]], "n_qubits": 1, "qreg_sizes": [["q", 1]], "clbit_labels": [["c", 0]], "memory_slots": 1, "creg_sizes": [["c", 1]], "name": "circuit-117", "global_phase": 0.0, "metadata": {}}, "data": {"counts": null, "snapshots": null, "memory": [[22129594.0, -16177827.0]], "statevector": null, "unitary": null}}, {"shots": 8192, "success": true, "status": null, "seed": null, "meas_level": 1, "meas_return": "avg", "header": {"qubit_labels": [["q", 0]], "n_qubits": 1, "qreg_sizes": [["q", 1]], "clbit_labels": [["c", 0]], "memory_slots": 1, "creg_sizes": [["c", 1]], "name": "circuit-118", "global_phase": 0.0, "metadata": {}}, "data": {"counts": null, "snapshots": null, "memory": [[22329650.0, -16437008.0]], "statevector": null, "unitary": null}}, {"shots": 8192, "success": true, "status": null, "seed": null, "meas_level": 1, "meas_return": "avg", "header": {"qubit_labels": [["q", 0]], "n_qubits": 1, "qreg_sizes": [["q", 1]], "clbit_labels": [["c", 0]], "memory_slots": 1, "creg_sizes": [["c", 1]], "name": "circuit-119", "global_phase": 0.0, "metadata": {}}, "data": {"counts": null, "snapshots": null, "memory": [[22577632.0, -16697983.0]], "statevector": null, "unitary": null}}, {"shots": 8192, "success": true, "status": null, "seed": null, "meas_level": 1, "meas_return": "avg", "header": {"qubit_labels": [["q", 0]], "n_qubits": 1, "qreg_sizes": [["q", 1]], "clbit_labels": [["c", 0]], "memory_slots": 1, "creg_sizes": [["c", 1]], "name": "circuit-120", "global_phase": 0.0, "metadata": {}}, "data": {"counts": null, "snapshots": null, "memory": [[22376936.0, -17117612.0]], "statevector": null, "unitary": null}}, {"shots": 8192, "success": true, "status": null, "seed": null, "meas_level": 1, "meas_return": "avg", "header": {"qubit_labels": [["q", 0]], "n_qubits": 1, "qreg_sizes": [["q", 1]], "clbit_labels": [["c", 0]], "memory_slots": 1, "creg_sizes": [["c", 1]], "name": "circuit-121", "global_phase": 0.0, "metadata": {}}, "data": {"counts": null, "snapshots": null, "memory": [[22815840.0, -17249076.0]], "statevector": null, "unitary": null}}, {"shots": 8192, "success": true, "status": null, "seed": null, "meas_level": 1, "meas_return": "avg", "header": {"qubit_labels": [["q", 0]], "n_qubits": 1, "qreg_sizes": [["q", 1]], "clbit_labels": [["c", 0]], "memory_slots": 1, "creg_sizes": [["c", 1]], "name": "circuit-122", "global_phase": 0.0, "metadata": {}}, "data": {"counts": null, "snapshots": null, "memory": [[22945892.0, -17505476.0]], "statevector": null, "unitary": null}}, {"shots": 8192, "success": true, "status": null, "seed": null, "meas_level": 1, "meas_return": "avg", "header": {"qubit_labels": [["q", 0]], "n_qubits": 1, "qreg_sizes": [["q", 1]], "clbit_labels": [["c", 0]], "memory_slots": 1, "creg_sizes": [["c", 1]], "name": "circuit-123", "global_phase": 0.0, "metadata": {}}, "data": {"counts": null, "snapshots": null, "memory": [[23315750.0, -18003270.0]], "statevector": null, "unitary": null}}, {"shots": 8192, "success": true, "status": null, "seed": null, "meas_level": 1, "meas_return": "avg", "header": {"qubit_labels": [["q", 0]], "n_qubits": 1, "qreg_sizes": [["q", 1]], "clbit_labels": [["c", 0]], "memory_slots": 1, "creg_sizes": [["c", 1]], "name": "circuit-124", "global_phase": 0.0, "metadata": {}}, "data": {"counts": null, "snapshots": null, "memory": [[23669372.0, -18384326.0]], "statevector": null, "unitary": null}}, {"shots": 8192, "success": true, "status": null, "seed": null, "meas_level": 1, "meas_return": "avg", "header": {"qubit_labels": [["q", 0]], "n_qubits": 1, "qreg_sizes": [["q", 1]], "clbit_labels": [["c", 0]], "memory_slots": 1, "creg_sizes": [["c", 1]], "name": "circuit-125", "global_phase": 0.0, "metadata": {}}, "data": {"counts": null, "snapshots": null, "memory": [[23435344.0, -18730794.0]], "statevector": null, "unitary": null}}, {"shots": 8192, "success": true, "status": null, "seed": null, "meas_level": 1, "meas_return": "avg", "header": {"qubit_labels": [["q", 0]], "n_qubits": 1, "qreg_sizes": [["q", 1]], "clbit_labels": [["c", 0]], "memory_slots": 1, "creg_sizes": [["c", 1]], "name": "circuit-126", "global_phase": 0.0, "metadata": {}}, "data": {"counts": null, "snapshots": null, "memory": [[23459480.0, -18695798.0]], "statevector": null, "unitary": null}}, {"shots": 8192, "success": true, "status": null, "seed": null, "meas_level": 1, "meas_return": "avg", "header": {"qubit_labels": [["q", 0]], "n_qubits": 1, "qreg_sizes": [["q", 1]], "clbit_labels": [["c", 0]], "memory_slots": 1, "creg_sizes": [["c", 1]], "name": "circuit-127", "global_phase": 0.0, "metadata": {}}, "data": {"counts": null, "snapshots": null, "memory": [[23766314.0, -18960110.0]], "statevector": null, "unitary": null}}, {"shots": 8192, "success": true, "status": null, "seed": null, "meas_level": 1, "meas_return": "avg", "header": {"qubit_labels": [["q", 0]], "n_qubits": 1, "qreg_sizes": [["q", 1]], "clbit_labels": [["c", 0]], "memory_slots": 1, "creg_sizes": [["c", 1]], "name": "circuit-128", "global_phase": 0.0, "metadata": {}}, "data": {"counts": null, "snapshots": null, "memory": [[23648670.0, -19556668.0]], "statevector": null, "unitary": null}}, {"shots": 8192, "success": true, "status": null, "seed": null, "meas_level": 1, "meas_return": "avg", "header": {"qubit_labels": [["q", 0]], "n_qubits": 1, "qreg_sizes": [["q", 1]], "clbit_labels": [["c", 0]], "memory_slots": 1, "creg_sizes": [["c", 1]], "name": "circuit-129", "global_phase": 0.0, "metadata": {}}, "data": {"counts": null, "snapshots": null, "memory": [[23863176.0, -19865684.0]], "statevector": null, "unitary": null}}, {"shots": 8192, "success": true, "status": null, "seed": null, "meas_level": 1, "meas_return": "avg", "header": {"qubit_labels": [["q", 0]], "n_qubits": 1, "qreg_sizes": [["q", 1]], "clbit_labels": [["c", 0]], "memory_slots": 1, "creg_sizes": [["c", 1]], "name": "circuit-130", "global_phase": 0.0, "metadata": {}}, "data": {"counts": null, "snapshots": null, "memory": [[24115178.0, -19989222.0]], "statevector": null, "unitary": null}}, {"shots": 8192, "success": true, "status": null, "seed": null, "meas_level": 1, "meas_return": "avg", "header": {"qubit_labels": [["q", 0]], "n_qubits": 1, "qreg_sizes": [["q", 1]], "clbit_labels": [["c", 0]], "memory_slots": 1, "creg_sizes": [["c", 1]], "name": "circuit-131", "global_phase": 0.0, "metadata": {}}, "data": {"counts": null, "snapshots": null, "memory": [[24513678.0, -20494430.0]], "statevector": null, "unitary": null}}, {"shots": 8192, "success": true, "status": null, "seed": null, "meas_level": 1, "meas_return": "avg", "header": {"qubit_labels": [["q", 0]], "n_qubits": 1, "qreg_sizes": [["q", 1]], "clbit_labels": [["c", 0]], "memory_slots": 1, "creg_sizes": [["c", 1]], "name": "circuit-132", "global_phase": 0.0, "metadata": {}}, "data": {"counts": null, "snapshots": null, "memory": [[24456368.0, -20780762.0]], "statevector": null, "unitary": null}}, {"shots": 8192, "success": true, "status": null, "seed": null, "meas_level": 1, "meas_return": "avg", "header": {"qubit_labels": [["q", 0]], "n_qubits": 1, "qreg_sizes": [["q", 1]], "clbit_labels": [["c", 0]], "memory_slots": 1, "creg_sizes": [["c", 1]], "name": "circuit-133", "global_phase": 0.0, "metadata": {}}, "data": {"counts": null, "snapshots": null, "memory": [[24723762.0, -20529316.0]], "statevector": null, "unitary": null}}, {"shots": 8192, "success": true, "status": null, "seed": null, "meas_level": 1, "meas_return": "avg", "header": {"qubit_labels": [["q", 0]], "n_qubits": 1, "qreg_sizes": [["q", 1]], "clbit_labels": [["c", 0]], "memory_slots": 1, "creg_sizes": [["c", 1]], "name": "circuit-134", "global_phase": 0.0, "metadata": {}}, "data": {"counts": null, "snapshots": null, "memory": [[24638178.0, -20769348.0]], "statevector": null, "unitary": null}}, {"shots": 8192, "success": true, "status": null, "seed": null, "meas_level": 1, "meas_return": "avg", "header": {"qubit_labels": [["q", 0]], "n_qubits": 1, "qreg_sizes": [["q", 1]], "clbit_labels": [["c", 0]], "memory_slots": 1, "creg_sizes": [["c", 1]], "name": "circuit-135", "global_phase": 0.0, "metadata": {}}, "data": {"counts": null, "snapshots": null, "memory": [[25199220.0, -21076662.0]], "statevector": null, "unitary": null}}, {"shots": 8192, "success": true, "status": null, "seed": null, "meas_level": 1, "meas_return": "avg", "header": {"qubit_labels": [["q", 0]], "n_qubits": 1, "qreg_sizes": [["q", 1]], "clbit_labels": [["c", 0]], "memory_slots": 1, "creg_sizes": [["c", 1]], "name": "circuit-136", "global_phase": 0.0, "metadata": {}}, "data": {"counts": null, "snapshots": null, "memory": [[24812144.0, -21454740.0]], "statevector": null, "unitary": null}}, {"shots": 8192, "success": true, "status": null, "seed": null, "meas_level": 1, "meas_return": "avg", "header": {"qubit_labels": [["q", 0]], "n_qubits": 1, "qreg_sizes": [["q", 1]], "clbit_labels": [["c", 0]], "memory_slots": 1, "creg_sizes": [["c", 1]], "name": "circuit-137", "global_phase": 0.0, "metadata": {}}, "data": {"counts": null, "snapshots": null, "memory": [[24753208.0, -21926386.0]], "statevector": null, "unitary": null}}, {"shots": 8192, "success": true, "status": null, "seed": null, "meas_level": 1, "meas_return": "avg", "header": {"qubit_labels": [["q", 0]], "n_qubits": 1, "qreg_sizes": [["q", 1]], "clbit_labels": [["c", 0]], "memory_slots": 1, "creg_sizes": [["c", 1]], "name": "circuit-138", "global_phase": 0.0, "metadata": {}}, "data": {"counts": null, "snapshots": null, "memory": [[24652912.0, -21985324.0]], "statevector": null, "unitary": null}}, {"shots": 8192, "success": true, "status": null, "seed": null, "meas_level": 1, "meas_return": "avg", "header": {"qubit_labels": [["q", 0]], "n_qubits": 1, "qreg_sizes": [["q", 1]], "clbit_labels": [["c", 0]], "memory_slots": 1, "creg_sizes": [["c", 1]], "name": "circuit-139", "global_phase": 0.0, "metadata": {}}, "data": {"counts": null, "snapshots": null, "memory": [[25390990.0, -22334664.0]], "statevector": null, "unitary": null}}, {"shots": 8192, "success": true, "status": null, "seed": null, "meas_level": 1, "meas_return": "avg", "header": {"qubit_labels": [["q", 0]], "n_qubits": 1, "qreg_sizes": [["q", 1]], "clbit_labels": [["c", 0]], "memory_slots": 1, "creg_sizes": [["c", 1]], "name": "circuit-140", "global_phase": 0.0, "metadata": {}}, "data": {"counts": null, "snapshots": null, "memory": [[25567404.0, -22449074.0]], "statevector": null, "unitary": null}}, {"shots": 8192, "success": true, "status": null, "seed": null, "meas_level": 1, "meas_return": "avg", "header": {"qubit_labels": [["q", 0]], "n_qubits": 1, "qreg_sizes": [["q", 1]], "clbit_labels": [["c", 0]], "memory_slots": 1, "creg_sizes": [["c", 1]], "name": "circuit-141", "global_phase": 0.0, "metadata": {}}, "data": {"counts": null, "snapshots": null, "memory": [[25280006.0, -22631314.0]], "statevector": null, "unitary": null}}, {"shots": 8192, "success": true, "status": null, "seed": null, "meas_level": 1, "meas_return": "avg", "header": {"qubit_labels": [["q", 0]], "n_qubits": 1, "qreg_sizes": [["q", 1]], "clbit_labels": [["c", 0]], "memory_slots": 1, "creg_sizes": [["c", 1]], "name": "circuit-142", "global_phase": 0.0, "metadata": {}}, "data": {"counts": null, "snapshots": null, "memory": [[25196058.0, -23019260.0]], "statevector": null, "unitary": null}}, {"shots": 8192, "success": true, "status": null, "seed": null, "meas_level": 1, "meas_return": "avg", "header": {"qubit_labels": [["q", 0]], "n_qubits": 1, "qreg_sizes": [["q", 1]], "clbit_labels": [["c", 0]], "memory_slots": 1, "creg_sizes": [["c", 1]], "name": "circuit-143", "global_phase": 0.0, "metadata": {}}, "data": {"counts": null, "snapshots": null, "memory": [[25268712.0, -23112142.0]], "statevector": null, "unitary": null}}, {"shots": 8192, "success": true, "status": null, "seed": null, "meas_level": 1, "meas_return": "avg", "header": {"qubit_labels": [["q", 0]], "n_qubits": 1, "qreg_sizes": [["q", 1]], "clbit_labels": [["c", 0]], "memory_slots": 1, "creg_sizes": [["c", 1]], "name": "circuit-144", "global_phase": 0.0, "metadata": {}}, "data": {"counts": null, "snapshots": null, "memory": [[25615972.0, -23330142.0]], "statevector": null, "unitary": null}}, {"shots": 8192, "success": true, "status": null, "seed": null, "meas_level": 1, "meas_return": "avg", "header": {"qubit_labels": [["q", 0]], "n_qubits": 1, "qreg_sizes": [["q", 1]], "clbit_labels": [["c", 0]], "memory_slots": 1, "creg_sizes": [["c", 1]], "name": "circuit-145", "global_phase": 0.0, "metadata": {}}, "data": {"counts": null, "snapshots": null, "memory": [[25596944.0, -23667874.0]], "statevector": null, "unitary": null}}, {"shots": 8192, "success": true, "status": null, "seed": null, "meas_level": 1, "meas_return": "avg", "header": {"qubit_labels": [["q", 0]], "n_qubits": 1, "qreg_sizes": [["q", 1]], "clbit_labels": [["c", 0]], "memory_slots": 1, "creg_sizes": [["c", 1]], "name": "circuit-146", "global_phase": 0.0, "metadata": {}}, "data": {"counts": null, "snapshots": null, "memory": [[25709550.0, -23833680.0]], "statevector": null, "unitary": null}}, {"shots": 8192, "success": true, "status": null, "seed": null, "meas_level": 1, "meas_return": "avg", "header": {"qubit_labels": [["q", 0]], "n_qubits": 1, "qreg_sizes": [["q", 1]], "clbit_labels": [["c", 0]], "memory_slots": 1, "creg_sizes": [["c", 1]], "name": "circuit-147", "global_phase": 0.0, "metadata": {}}, "data": {"counts": null, "snapshots": null, "memory": [[25733594.0, -23956828.0]], "statevector": null, "unitary": null}}, {"shots": 8192, "success": true, "status": null, "seed": null, "meas_level": 1, "meas_return": "avg", "header": {"qubit_labels": [["q", 0]], "n_qubits": 1, "qreg_sizes": [["q", 1]], "clbit_labels": [["c", 0]], "memory_slots": 1, "creg_sizes": [["c", 1]], "name": "circuit-148", "global_phase": 0.0, "metadata": {}}, "data": {"counts": null, "snapshots": null, "memory": [[25780804.0, -24212060.0]], "statevector": null, "unitary": null}}, {"shots": 8192, "success": true, "status": null, "seed": null, "meas_level": 1, "meas_return": "avg", "header": {"qubit_labels": [["q", 0]], "n_qubits": 1, "qreg_sizes": [["q", 1]], "clbit_labels": [["c", 0]], "memory_slots": 1, "creg_sizes": [["c", 1]], "name": "circuit-149", "global_phase": 0.0, "metadata": {}}, "data": {"counts": null, "snapshots": null, "memory": [[26268462.0, -24304490.0]], "statevector": null, "unitary": null}}, {"shots": 8192, "success": true, "status": null, "seed": null, "meas_level": 1, "meas_return": "avg", "header": {"qubit_labels": [["q", 0]], "n_qubits": 1, "qreg_sizes": [["q", 1]], "clbit_labels": [["c", 0]], "memory_slots": 1, "creg_sizes": [["c", 1]], "name": "circuit-150", "global_phase": 0.0, "metadata": {}}, "data": {"counts": null, "snapshots": null, "memory": [[25874368.0, -24478748.0]], "statevector": null, "unitary": null}}, {"shots": 8192, "success": true, "status": null, "seed": null, "meas_level": 1, "meas_return": "avg", "header": {"qubit_labels": [["q", 0]], "n_qubits": 1, "qreg_sizes": [["q", 1]], "clbit_labels": [["c", 0]], "memory_slots": 1, "creg_sizes": [["c", 1]], "name": "circuit-151", "global_phase": 0.0, "metadata": {}}, "data": {"counts": null, "snapshots": null, "memory": [[25797226.0, -24609020.0]], "statevector": null, "unitary": null}}], "error": null}